step,band,calm,loss,candidate_found,expert_a,expert_b,similarity,util_a,util_b,delta_f_pred
0,PANIC,0,8.5118,0,,,,,,
1,PANIC,0,8.5182,0,,,,,,
2,PANIC,0,8.5207,0,,,,,,
3,PANIC,0,8.5147,0,,,,,,
4,PANIC,0,8.5226,0,,,,,,
5,PANIC,0,8.5085,0,,,,,,
6,PANIC,0,8.5022,0,,,,,,
7,PANIC,0,8.4869,0,,,,,,
8,PANIC,0,8.5097,0,,,,,,
9,PANIC,0,8.5107,0,,,,,,
10,PANIC,0,8.5148,0,,,,,,
11,PANIC,0,8.5041,0,,,,,,
12,PANIC,0,8.4871,0,,,,,,
13,PANIC,0,8.5050,0,,,,,,
14,PANIC,0,8.4556,0,,,,,,
15,PANIC,0,8.5245,0,,,,,,
16,PANIC,0,8.5071,0,,,,,,
17,PANIC,0,8.5346,0,,,,,,
18,PANIC,0,8.4229,0,,,,,,
19,PANIC,0,8.4953,0,,,,,,
20,PANIC,0,8.4772,0,,,,,,
21,PANIC,0,8.4688,0,,,,,,
22,PANIC,0,8.4965,0,,,,,,
23,PANIC,0,8.4697,0,,,,,,
24,PANIC,0,8.4125,0,,,,,,
25,PANIC,0,8.4190,0,,,,,,
26,PANIC,0,8.4537,0,,,,,,
27,PANIC,0,8.4232,0,,,,,,
28,PANIC,0,8.4214,0,,,,,,
29,PANIC,0,8.4510,0,,,,,,
30,PANIC,0,8.4411,0,,,,,,
31,PANIC,0,8.3743,0,,,,,,
32,PANIC,0,8.4514,0,,,,,,
33,PANIC,0,8.4157,0,,,,,,
34,PANIC,0,8.4084,0,,,,,,
35,PANIC,0,8.3358,0,,,,,,
36,PANIC,0,8.4673,0,,,,,,
37,PANIC,0,8.4532,0,,,,,,
38,PANIC,0,8.4752,0,,,,,,
39,PANIC,0,8.4746,0,,,,,,
40,PANIC,0,8.4628,0,,,,,,
41,PANIC,0,8.4105,0,,,,,,
42,PANIC,0,8.3469,0,,,,,,
43,PANIC,0,8.4241,0,,,,,,
44,PANIC,0,8.3644,0,,,,,,
45,PANIC,0,8.4666,0,,,,,,
46,PANIC,0,8.4477,0,,,,,,
47,PANIC,0,8.4128,0,,,,,,
48,PANIC,0,8.3255,0,,,,,,
49,PANIC,0,8.3909,0,,,,,,
50,PANIC,0,8.4611,0,,,,,,
51,PANIC,0,8.4293,0,,,,,,
52,PANIC,0,8.3485,0,,,,,,
53,PANIC,0,8.4235,0,,,,,,
54,PANIC,0,8.1845,0,,,,,,
55,PANIC,0,8.4221,0,,,,,,
56,PANIC,0,8.2246,0,,,,,,
57,PANIC,0,8.3137,0,,,,,,
58,PANIC,0,8.4613,0,,,,,,
59,PANIC,0,8.2362,0,,,,,,
60,PANIC,0,8.3257,0,,,,,,
61,PANIC,0,8.3362,0,,,,,,
62,PANIC,0,8.2485,0,,,,,,
63,PANIC,0,8.3474,0,,,,,,
64,PANIC,0,8.1518,0,,,,,,
65,PANIC,0,8.2694,0,,,,,,
66,PANIC,0,8.2333,0,,,,,,
67,PANIC,0,8.4023,0,,,,,,
68,PANIC,0,8.3705,0,,,,,,
69,PANIC,0,8.0804,0,,,,,,
70,PANIC,0,8.4287,0,,,,,,
71,PANIC,0,8.1277,0,,,,,,
72,PANIC,0,8.3414,0,,,,,,
73,PANIC,0,8.2419,0,,,,,,
74,PANIC,0,8.1698,0,,,,,,
75,PANIC,0,8.2592,0,,,,,,
76,PANIC,0,8.1409,0,,,,,,
77,PANIC,0,8.3366,0,,,,,,
78,PANIC,0,8.0682,0,,,,,,
79,PANIC,0,8.3390,0,,,,,,
80,PANIC,0,8.0604,0,,,,,,
81,PANIC,0,8.4406,0,,,,,,
82,PANIC,0,8.0908,0,,,,,,
83,PANIC,0,7.9642,0,,,,,,
84,PANIC,0,8.0538,0,,,,,,
85,PANIC,0,8.1845,0,,,,,,
86,PANIC,0,8.0225,0,,,,,,
87,PANIC,0,8.0950,0,,,,,,
88,PANIC,0,8.2926,0,,,,,,
89,PANIC,0,8.1949,0,,,,,,
90,PANIC,0,7.9831,0,,,,,,
91,PANIC,0,8.2988,0,,,,,,
92,PANIC,0,8.1655,0,,,,,,
93,PANIC,0,8.1725,0,,,,,,
94,PANIC,0,7.9846,0,,,,,,
95,PANIC,0,7.9288,0,,,,,,
96,PANIC,0,8.0074,0,,,,,,
97,PANIC,0,7.8717,0,,,,,,
98,PANIC,0,7.9991,0,,,,,,
99,PANIC,0,8.3811,0,,,,,,
100,PANIC,0,8.0822,0,,,,,,
101,PANIC,0,7.9608,0,,,,,,
102,PANIC,0,8.2061,0,,,,,,
103,PANIC,0,7.8441,0,,,,,,
104,PANIC,0,7.7548,0,,,,,,
105,PANIC,0,7.7221,0,,,,,,
106,PANIC,0,7.9554,0,,,,,,
107,PANIC,0,8.1964,0,,,,,,
108,PANIC,0,7.9666,0,,,,,,
109,PANIC,0,8.0572,0,,,,,,
110,PANIC,0,7.8765,0,,,,,,
111,PANIC,0,7.5235,0,,,,,,
112,PANIC,0,7.5060,0,,,,,,
113,PANIC,0,7.3209,0,,,,,,
114,PANIC,0,7.5988,0,,,,,,
115,PANIC,0,7.8633,0,,,,,,
116,PANIC,0,7.9996,0,,,,,,
117,PANIC,0,7.6909,0,,,,,,
118,PANIC,0,8.1377,0,,,,,,
119,PANIC,0,7.8083,0,,,,,,
120,PANIC,0,7.2378,0,,,,,,
121,PANIC,0,7.4487,0,,,,,,
122,PANIC,0,8.0902,0,,,,,,
123,PANIC,0,7.4221,0,,,,,,
124,PANIC,0,7.7730,0,,,,,,
125,PANIC,0,6.5382,0,,,,,,
126,PANIC,0,7.5273,0,,,,,,
127,PANIC,0,6.9682,0,,,,,,
128,PANIC,0,6.5678,0,,,,,,
129,PANIC,0,6.3024,0,,,,,,
130,STRAIN,0,6.9496,0,,,,,,
131,STRAIN,0,6.4087,0,,,,,,
132,STRAIN,0,6.6578,0,,,,,,
133,STRAIN,0,6.2034,0,,,,,,
134,STRAIN,0,6.4850,0,,,,,,
135,STRAIN,0,6.1078,0,,,,,,
136,STRAIN,0,6.3312,0,,,,,,
137,STRAIN,0,6.2674,0,,,,,,
138,STRAIN,0,6.7549,0,,,,,,
139,STRAIN,0,6.7009,0,,,,,,
140,STRAIN,0,6.7745,0,,,,,,
141,STRAIN,0,6.1195,0,,,,,,
142,STRAIN,0,6.6629,0,,,,,,
143,STRAIN,0,6.2692,0,,,,,,
144,STRAIN,0,5.9315,0,,,,,,
145,STRAIN,0,6.2840,0,,,,,,
146,STRAIN,0,6.0602,0,,,,,,
147,STRAIN,0,5.7073,0,,,,,,
148,STRAIN,0,5.4798,0,,,,,,
149,STRAIN,0,5.5219,0,,,,,,
150,STRAIN,0,6.5945,0,,,,,,
151,STRAIN,0,5.5731,0,,,,,,
152,STRAIN,0,5.7689,0,,,,,,
153,STRAIN,0,5.6377,0,,,,,,
154,STRAIN,0,6.5231,0,,,,,,
155,STRAIN,0,6.6638,0,,,,,,
156,STRAIN,0,6.4146,0,,,,,,
157,STRAIN,0,5.8951,0,,,,,,
158,STRAIN,0,6.1493,0,,,,,,
159,STRAIN,0,6.3852,0,,,,,,
160,STRAIN,0,5.0165,0,,,,,,
161,STRAIN,0,5.6546,0,,,,,,
162,STRAIN,0,5.9929,0,,,,,,
163,STRAIN,0,6.2043,0,,,,,,
164,STRAIN,0,5.4777,0,,,,,,
165,STRAIN,0,5.4287,0,,,,,,
166,STRAIN,0,5.7983,0,,,,,,
167,STRAIN,0,6.2282,0,,,,,,
168,STRAIN,0,5.9507,0,,,,,,
169,STRAIN,0,4.9174,0,,,,,,
170,STRAIN,0,5.7165,0,,,,,,
171,STRAIN,0,5.1627,0,,,,,,
172,STRAIN,0,5.1975,0,,,,,,
173,STRAIN,0,4.5439,0,,,,,,
174,STRAIN,0,5.6688,0,,,,,,
175,STRAIN,0,5.0492,0,,,,,,
176,STRAIN,0,5.8188,0,,,,,,
177,STRAIN,0,4.9742,0,,,,,,
178,STRAIN,0,4.6307,0,,,,,,
179,STRAIN,0,5.7792,0,,,,,,
180,STRAIN,0,5.3419,0,,,,,,
181,STRAIN,0,5.4890,0,,,,,,
182,STRAIN,0,5.8448,0,,,,,,
183,STRAIN,0,4.6113,0,,,,,,
184,STRAIN,0,5.5120,0,,,,,,
185,STRAIN,0,5.4617,0,,,,,,
186,STRAIN,0,5.9710,0,,,,,,
187,STRAIN,0,5.3492,0,,,,,,
188,STRAIN,0,5.3140,0,,,,,,
189,STRAIN,0,5.6723,0,,,,,,
190,STRAIN,0,5.9483,0,,,,,,
191,STRAIN,0,4.9875,0,,,,,,
192,STRAIN,0,4.7306,0,,,,,,
193,STRAIN,0,5.9074,0,,,,,,
194,STRAIN,0,5.3483,0,,,,,,
195,STRAIN,0,5.6539,0,,,,,,
196,STRAIN,0,4.6338,0,,,,,,
197,STRAIN,0,5.4061,0,,,,,,
198,STRAIN,0,6.1383,0,,,,,,
199,STRAIN,0,4.3275,0,,,,,,
200,STRAIN,0,5.2853,0,,,,,,
201,STRAIN,0,4.7268,0,,,,,,
202,STRAIN,0,4.9930,0,,,,,,
203,STRAIN,0,5.6544,0,,,,,,
204,STRAIN,0,4.3361,0,,,,,,
205,STRAIN,0,5.6291,0,,,,,,
206,STRAIN,0,4.5160,0,,,,,,
207,STRAIN,0,5.3467,0,,,,,,
208,STRAIN,0,5.2032,0,,,,,,
209,STRAIN,0,3.7813,0,,,,,,
210,STRAIN,0,4.3264,0,,,,,,
211,STRAIN,0,4.6512,0,,,,,,
212,STRAIN,0,4.4896,0,,,,,,
213,STRAIN,0,4.7428,0,,,,,,
214,STRAIN,0,3.6112,0,,,,,,
215,STRAIN,0,4.7144,0,,,,,,
216,STRAIN,0,4.0300,0,,,,,,
217,STRAIN,0,4.8051,0,,,,,,
218,STRAIN,0,4.3982,0,,,,,,
219,STRAIN,0,5.0831,0,,,,,,
220,STRAIN,0,5.1251,0,,,,,,
221,STRAIN,0,2.8101,0,,,,,,
222,STRAIN,0,3.7972,0,,,,,,
223,STRAIN,0,3.8115,0,,,,,,
224,STRAIN,0,5.7052,0,,,,,,
225,COMFORT,1,3.5968,0,,,,,,
226,COMFORT,2,3.7273,0,,,,,,
227,COMFORT,3,3.4868,0,,,,,,
228,COMFORT,4,5.1469,0,,,,,,
229,COMFORT,5,3.9833,0,,,,,,
230,COMFORT,6,4.3750,0,,,,,,
231,COMFORT,7,4.7369,0,,,,,,
232,COMFORT,8,4.5090,0,,,,,,
233,COMFORT,9,3.5921,0,,,,,,
234,COMFORT,10,3.8831,0,,,,,,
235,COMFORT,11,5.6608,0,,,,,,
236,COMFORT,12,3.6236,0,,,,,,
237,COMFORT,13,4.6295,0,,,,,,
238,COMFORT,14,3.2517,0,,,,,,
239,COMFORT,15,4.1420,0,,,,,,
240,COMFORT,16,3.6630,0,,,,,,
241,COMFORT,17,5.9555,0,,,,,,
242,COMFORT,18,4.0138,0,,,,,,
243,COMFORT,19,4.8240,0,,,,,,
244,COMFORT,20,3.9202,0,,,,,,
245,COMFORT,21,3.8931,0,,,,,,
246,COMFORT,22,2.0737,0,,,,,,
247,COMFORT,23,6.6109,0,,,,,,
248,COMFORT,24,3.4389,0,,,,,,
249,COMFORT,25,3.7851,0,,,,,,
250,COMFORT,26,2.1358,0,,,,,,
251,COMFORT,27,2.5654,0,,,,,,
252,COMFORT,28,3.2908,0,,,,,,
253,COMFORT,29,2.8935,0,,,,,,
254,COMFORT,30,1.4448,0,,,,,,
255,COMFORT,31,2.9985,0,,,,,,
256,COMFORT,32,2.7162,0,,,,,,
257,COMFORT,33,2.1655,0,,,,,,
258,COMFORT,34,2.0386,0,,,,,,
259,COMFORT,35,2.7489,0,,,,,,
260,COMFORT,36,2.6945,0,,,,,,
261,COMFORT,37,3.6590,0,,,,,,
262,COMFORT,38,2.1294,0,,,,,,
263,COMFORT,39,2.3840,0,,,,,,
264,COMFORT,40,2.7600,0,,,,,,
265,COMFORT,41,3.2967,0,,,,,,
266,COMFORT,42,2.0689,0,,,,,,
267,COMFORT,43,2.1271,0,,,,,,
268,COMFORT,44,2.3599,0,,,,,,
269,COMFORT,45,2.8090,0,,,,,,
270,COMFORT,46,2.6143,0,,,,,,
271,COMFORT,47,1.9574,0,,,,,,
272,COMFORT,48,2.2955,0,,,,,,
273,COMFORT,49,2.1876,0,,,,,,
274,COMFORT,50,2.4323,0,,,,,,
275,COMFORT,51,2.3054,0,,,,,,
276,COMFORT,52,1.8006,0,,,,,,
277,COMFORT,53,2.7202,0,,,,,,
278,COMFORT,54,3.1668,0,,,,,,
279,COMFORT,55,2.1024,0,,,,,,
280,COMFORT,56,3.0423,0,,,,,,
281,COMFORT,57,3.2823,0,,,,,,
282,COMFORT,58,1.6487,0,,,,,,
283,COMFORT,59,2.8106,0,,,,,,
284,COMFORT,60,3.6619,0,,,,,,
285,COMFORT,61,2.0778,0,,,,,,
286,COMFORT,62,2.9462,0,,,,,,
287,COMFORT,63,1.5284,0,,,,,,
288,COMFORT,64,3.4844,0,,,,,,
289,COMFORT,65,2.8617,0,,,,,,
290,COMFORT,66,2.2988,0,,,,,,
291,COMFORT,67,2.2037,0,,,,,,
292,COMFORT,68,1.8484,0,,,,,,
293,COMFORT,69,2.3701,0,,,,,,
294,COMFORT,70,1.0112,0,,,,,,
295,COMFORT,71,2.1121,0,,,,,,
296,COMFORT,72,3.5934,0,,,,,,
297,COMFORT,73,2.2869,0,,,,,,
298,COMFORT,74,3.5686,0,,,,,,
299,COMFORT,75,1.8704,0,,,,,,
300,COMFORT,76,1.2640,0,,,,,,
301,COMFORT,77,1.6649,0,,,,,,
302,COMFORT,78,3.0652,0,,,,,,
303,COMFORT,79,2.8566,0,,,,,,
304,COMFORT,80,1.5039,0,,,,,,
305,COMFORT,81,2.1878,0,,,,,,
306,COMFORT,82,3.0526,0,,,,,,
307,COMFORT,83,2.3737,0,,,,,,
308,COMFORT,84,2.0079,0,,,,,,
309,COMFORT,85,1.7072,0,,,,,,
310,COMFORT,86,3.3919,0,,,,,,
311,COMFORT,87,1.5396,0,,,,,,
312,COMFORT,88,2.1581,0,,,,,,
313,COMFORT,89,2.8299,0,,,,,,
314,COMFORT,90,1.1053,0,,,,,,
315,COMFORT,91,2.7548,0,,,,,,
316,COMFORT,92,3.4886,0,,,,,,
317,COMFORT,93,2.7935,0,,,,,,
318,COMFORT,94,1.2144,0,,,,,,
319,COMFORT,95,1.9763,0,,,,,,
320,COMFORT,96,2.6101,0,,,,,,
321,COMFORT,97,2.5321,0,,,,,,
322,COMFORT,98,3.3969,0,,,,,,
323,COMFORT,99,1.8115,0,,,,,,
324,COMFORT,100,1.9532,0,,,,,,
325,COMFORT,101,3.1375,0,,,,,,
326,COMFORT,102,3.7648,0,,,,,,
327,COMFORT,103,2.2104,0,,,,,,
328,COMFORT,104,3.6998,0,,,,,,
329,COMFORT,105,1.3901,0,,,,,,
330,COMFORT,106,3.2581,0,,,,,,
331,COMFORT,107,1.9000,0,,,,,,
332,COMFORT,108,1.0040,0,,,,,,
333,COMFORT,109,2.5113,0,,,,,,
334,COMFORT,110,2.5029,0,,,,,,
335,COMFORT,111,2.3467,0,,,,,,
336,COMFORT,112,2.9687,0,,,,,,
337,COMFORT,113,2.6657,0,,,,,,
338,COMFORT,114,3.7793,0,,,,,,
339,COMFORT,115,2.8352,0,,,,,,
340,COMFORT,116,2.9427,0,,,,,,
341,COMFORT,117,2.0255,0,,,,,,
342,COMFORT,118,3.2820,0,,,,,,
343,COMFORT,119,2.6021,0,,,,,,
344,COMFORT,120,3.5628,0,,,,,,
345,COMFORT,121,1.2285,0,,,,,,
346,COMFORT,122,2.2113,0,,,,,,
347,COMFORT,123,2.4384,0,,,,,,
348,COMFORT,124,1.8672,0,,,,,,
349,COMFORT,125,1.8470,0,,,,,,
350,COMFORT,126,2.6624,0,,,,,,
351,COMFORT,127,2.2179,0,,,,,,
352,COMFORT,128,2.2998,0,,,,,,
353,COMFORT,129,2.4093,0,,,,,,
354,COMFORT,130,3.3823,0,,,,,,
355,COMFORT,131,2.7483,0,,,,,,
356,COMFORT,132,1.9303,0,,,,,,
357,COMFORT,133,2.4466,0,,,,,,
358,COMFORT,134,2.8653,0,,,,,,
359,COMFORT,135,2.1225,0,,,,,,
360,COMFORT,136,0.8684,0,,,,,,
361,COMFORT,137,1.9821,0,,,,,,
362,COMFORT,138,2.5437,0,,,,,,
363,COMFORT,139,2.9417,0,,,,,,
364,COMFORT,140,3.7994,0,,,,,,
365,COMFORT,141,2.8335,0,,,,,,
366,COMFORT,142,1.1272,0,,,,,,
367,COMFORT,143,1.7712,0,,,,,,
368,COMFORT,144,3.1967,0,,,,,,
369,COMFORT,145,2.8491,0,,,,,,
370,COMFORT,146,1.1589,0,,,,,,
371,COMFORT,147,2.6110,0,,,,,,
372,COMFORT,148,2.1616,0,,,,,,
373,COMFORT,149,1.7956,0,,,,,,
374,COMFORT,150,1.7505,0,,,,,,
375,COMFORT,151,0.6120,0,,,,,,
376,COMFORT,152,1.3305,0,,,,,,
377,COMFORT,153,1.6034,0,,,,,,
378,COMFORT,154,1.3988,0,,,,,,
379,COMFORT,155,1.0007,0,,,,,,
380,COMFORT,156,1.3100,0,,,,,,
381,COMFORT,157,1.1983,0,,,,,,
382,COMFORT,158,0.6245,0,,,,,,
383,COMFORT,159,2.0292,0,,,,,,
384,COMFORT,160,1.7850,0,,,,,,
385,COMFORT,161,1.7869,0,,,,,,
386,COMFORT,162,1.0880,0,,,,,,
387,COMFORT,163,1.8051,0,,,,,,
388,COMFORT,164,1.4670,0,,,,,,
389,COMFORT,165,1.0747,0,,,,,,
390,COMFORT,166,0.8882,0,,,,,,
391,COMFORT,167,1.3831,0,,,,,,
392,COMFORT,168,1.1769,0,,,,,,
393,COMFORT,169,1.6036,0,,,,,,
394,COMFORT,170,1.2573,0,,,,,,
395,COMFORT,171,0.9896,0,,,,,,
396,COMFORT,172,2.8691,0,,,,,,
397,COMFORT,173,2.2324,0,,,,,,
398,COMFORT,174,1.5709,0,,,,,,
399,COMFORT,175,1.7561,0,,,,,,
400,COMFORT,176,0.4191,0,,,,,,
401,COMFORT,177,1.1886,0,,,,,,
402,COMFORT,178,1.3903,0,,,,,,
403,COMFORT,179,1.5445,0,,,,,,
404,COMFORT,180,0.9156,0,,,,,,
405,COMFORT,181,1.1054,0,,,,,,
406,COMFORT,182,1.2630,0,,,,,,
407,COMFORT,183,2.1236,0,,,,,,
408,COMFORT,184,1.4264,0,,,,,,
409,COMFORT,185,2.1862,0,,,,,,
410,COMFORT,186,1.1203,0,,,,,,
411,COMFORT,187,1.3248,0,,,,,,
412,COMFORT,188,1.7120,0,,,,,,
413,COMFORT,189,0.7910,0,,,,,,
414,COMFORT,190,1.2582,0,,,,,,
415,COMFORT,191,1.1267,0,,,,,,
416,COMFORT,192,2.1398,0,,,,,,
417,COMFORT,193,1.4499,0,,,,,,
418,COMFORT,194,1.1471,0,,,,,,
419,COMFORT,195,1.5222,0,,,,,,
420,COMFORT,196,1.1376,0,,,,,,
421,COMFORT,197,0.9352,0,,,,,,
422,COMFORT,198,1.7157,0,,,,,,
423,COMFORT,199,1.6223,0,,,,,,
424,COMFORT,200,1.0439,0,,,,,,
425,COMFORT,201,1.5595,0,,,,,,
426,COMFORT,202,1.8590,0,,,,,,
427,COMFORT,203,1.2084,0,,,,,,
428,COMFORT,204,1.8255,0,,,,,,
429,COMFORT,205,1.5193,0,,,,,,
430,COMFORT,206,1.7931,0,,,,,,
431,COMFORT,207,2.4611,0,,,,,,
432,COMFORT,208,0.8642,0,,,,,,
433,COMFORT,209,1.3344,0,,,,,,
434,COMFORT,210,2.4579,0,,,,,,
435,COMFORT,211,1.7576,0,,,,,,
436,COMFORT,212,2.0244,0,,,,,,
437,COMFORT,213,2.0805,0,,,,,,
438,COMFORT,214,2.3202,0,,,,,,
439,COMFORT,215,1.6911,0,,,,,,
440,COMFORT,216,1.4918,0,,,,,,
441,COMFORT,217,1.6903,0,,,,,,
442,COMFORT,218,1.8359,0,,,,,,
443,COMFORT,219,1.4953,0,,,,,,
444,COMFORT,220,1.7301,0,,,,,,
445,COMFORT,221,0.9338,0,,,,,,
446,COMFORT,222,1.0539,0,,,,,,
447,COMFORT,223,1.7949,0,,,,,,
448,COMFORT,224,1.6904,0,,,,,,
449,COMFORT,225,2.5144,0,,,,,,
450,COMFORT,226,2.1264,0,,,,,,
451,COMFORT,227,1.3583,0,,,,,,
452,COMFORT,228,1.7512,0,,,,,,
453,COMFORT,229,1.7905,0,,,,,,
454,COMFORT,230,2.5844,0,,,,,,
455,COMFORT,231,1.0178,0,,,,,,
456,COMFORT,232,2.7805,0,,,,,,
457,COMFORT,233,1.4940,0,,,,,,
458,COMFORT,234,1.6120,0,,,,,,
459,COMFORT,235,1.2641,0,,,,,,
460,COMFORT,236,1.7684,0,,,,,,
461,COMFORT,237,2.9952,0,,,,,,
462,COMFORT,238,0.4252,0,,,,,,
463,COMFORT,239,2.0732,0,,,,,,
464,COMFORT,240,1.6690,0,,,,,,
465,COMFORT,241,2.3337,0,,,,,,
466,COMFORT,242,1.4105,0,,,,,,
467,COMFORT,243,1.7153,0,,,,,,
468,COMFORT,244,1.8385,0,,,,,,
469,COMFORT,245,0.9753,0,,,,,,
470,COMFORT,246,0.7448,0,,,,,,
471,COMFORT,247,0.6765,0,,,,,,
472,COMFORT,248,1.4553,0,,,,,,
473,COMFORT,249,1.9687,0,,,,,,
474,COMFORT,250,2.1132,0,,,,,,
475,COMFORT,251,2.0410,0,,,,,,
476,COMFORT,252,1.9506,0,,,,,,
477,COMFORT,253,1.2240,0,,,,,,
478,COMFORT,254,2.4069,0,,,,,,
479,COMFORT,255,2.3081,0,,,,,,
480,COMFORT,256,1.2655,0,,,,,,
481,COMFORT,257,2.5631,0,,,,,,
482,COMFORT,258,2.1615,0,,,,,,
483,COMFORT,259,2.1363,0,,,,,,
484,COMFORT,260,2.7421,0,,,,,,
485,COMFORT,261,2.1122,0,,,,,,
486,COMFORT,262,1.3257,0,,,,,,
487,COMFORT,263,2.1417,0,,,,,,
488,COMFORT,264,2.0229,0,,,,,,
489,COMFORT,265,1.3386,0,,,,,,
490,COMFORT,266,1.3950,0,,,,,,
491,COMFORT,267,1.5488,0,,,,,,
492,COMFORT,268,1.9790,0,,,,,,
493,COMFORT,269,0.5090,0,,,,,,
494,COMFORT,270,0.8165,0,,,,,,
495,COMFORT,271,2.0231,0,,,,,,
496,COMFORT,272,2.6524,0,,,,,,
497,COMFORT,273,1.0935,0,,,,,,
498,COMFORT,274,2.6632,0,,,,,,
499,COMFORT,275,1.7176,0,,,,,,
500,COMFORT,276,0.9631,0,,,,,,
501,COMFORT,277,0.7290,0,,,,,,
502,COMFORT,278,1.2467,0,,,,,,
503,COMFORT,279,1.2516,0,,,,,,
504,COMFORT,280,0.4527,0,,,,,,
505,COMFORT,281,0.7567,0,,,,,,
506,COMFORT,282,0.8683,0,,,,,,
507,COMFORT,283,0.7447,0,,,,,,
508,COMFORT,284,0.7339,0,,,,,,
509,COMFORT,285,1.0312,0,,,,,,
510,COMFORT,286,1.1300,0,,,,,,
511,COMFORT,287,0.7492,0,,,,,,
512,COMFORT,288,1.3226,0,,,,,,
513,COMFORT,289,1.5583,0,,,,,,
514,COMFORT,290,1.1515,0,,,,,,
515,COMFORT,291,1.1932,0,,,,,,
516,COMFORT,292,1.4421,0,,,,,,
517,COMFORT,293,1.0570,0,,,,,,
518,COMFORT,294,1.0158,0,,,,,,
519,COMFORT,295,0.9413,0,,,,,,
520,COMFORT,296,0.8721,0,,,,,,
521,COMFORT,297,1.0945,0,,,,,,
522,COMFORT,298,1.3782,0,,,,,,
523,COMFORT,299,1.3483,0,,,,,,
524,COMFORT,300,0.9116,0,,,,,,
525,COMFORT,301,0.9629,0,,,,,,
526,COMFORT,302,0.7256,0,,,,,,
527,COMFORT,303,1.6899,0,,,,,,
528,COMFORT,304,0.9605,0,,,,,,
529,COMFORT,305,1.3063,0,,,,,,
530,COMFORT,306,1.2720,0,,,,,,
531,COMFORT,307,0.9866,0,,,,,,
532,COMFORT,308,1.9894,0,,,,,,
533,COMFORT,309,1.6462,0,,,,,,
534,COMFORT,310,1.0489,0,,,,,,
535,COMFORT,311,1.8854,0,,,,,,
536,COMFORT,312,1.6808,0,,,,,,
537,COMFORT,313,1.1220,0,,,,,,
538,COMFORT,314,0.8863,0,,,,,,
539,COMFORT,315,1.5563,0,,,,,,
540,COMFORT,316,2.3993,0,,,,,,
541,COMFORT,317,1.6386,0,,,,,,
542,COMFORT,318,1.3990,0,,,,,,
543,COMFORT,319,1.2393,0,,,,,,
544,COMFORT,320,0.8926,0,,,,,,
545,COMFORT,321,1.0470,0,,,,,,
546,COMFORT,322,1.6329,0,,,,,,
547,COMFORT,323,1.3177,0,,,,,,
548,COMFORT,324,1.7478,0,,,,,,
549,COMFORT,325,1.6074,0,,,,,,
550,COMFORT,326,1.2995,0,,,,,,
551,COMFORT,327,1.4092,0,,,,,,
552,COMFORT,328,1.3118,0,,,,,,
553,COMFORT,329,1.6505,0,,,,,,
554,COMFORT,330,1.2967,0,,,,,,
555,COMFORT,331,1.9176,0,,,,,,
556,COMFORT,332,0.8349,0,,,,,,
557,COMFORT,333,0.8976,0,,,,,,
558,COMFORT,334,1.4095,0,,,,,,
559,COMFORT,335,0.7307,0,,,,,,
560,COMFORT,336,1.2866,0,,,,,,
561,COMFORT,337,1.2193,0,,,,,,
562,COMFORT,338,2.1078,0,,,,,,
563,COMFORT,339,1.0412,0,,,,,,
564,COMFORT,340,1.5002,0,,,,,,
565,COMFORT,341,1.0887,0,,,,,,
566,COMFORT,342,1.3050,0,,,,,,
567,COMFORT,343,1.4976,0,,,,,,
568,COMFORT,344,2.2287,0,,,,,,
569,COMFORT,345,2.0705,0,,,,,,
570,COMFORT,346,1.0815,0,,,,,,
571,COMFORT,347,0.9004,0,,,,,,
572,COMFORT,348,0.5606,0,,,,,,
573,COMFORT,349,1.1194,0,,,,,,
574,COMFORT,350,1.0276,0,,,,,,
575,COMFORT,351,1.0549,0,,,,,,
576,COMFORT,352,1.4184,0,,,,,,
577,COMFORT,353,2.2431,0,,,,,,
578,COMFORT,354,1.9253,0,,,,,,
579,COMFORT,355,1.2942,0,,,,,,
580,COMFORT,356,0.9927,0,,,,,,
581,COMFORT,357,1.8999,0,,,,,,
582,COMFORT,358,1.2167,0,,,,,,
583,COMFORT,359,1.8165,0,,,,,,
584,COMFORT,360,0.9966,0,,,,,,
585,COMFORT,361,1.9662,0,,,,,,
586,COMFORT,362,0.9111,0,,,,,,
587,COMFORT,363,1.6343,0,,,,,,
588,COMFORT,364,0.9426,0,,,,,,
589,COMFORT,365,1.2851,0,,,,,,
590,COMFORT,366,1.3172,0,,,,,,
591,COMFORT,367,0.4916,0,,,,,,
592,COMFORT,368,1.0610,0,,,,,,
593,COMFORT,369,2.4113,0,,,,,,
594,COMFORT,370,1.6186,0,,,,,,
595,COMFORT,371,1.3081,0,,,,,,
596,COMFORT,372,0.6986,0,,,,,,
597,COMFORT,373,1.8430,0,,,,,,
598,COMFORT,374,0.9066,0,,,,,,
599,COMFORT,375,2.0546,0,,,,,,
600,COMFORT,376,1.4110,0,,,,,,
601,COMFORT,377,1.5597,0,,,,,,
602,COMFORT,378,0.7931,0,,,,,,
603,COMFORT,379,0.7159,0,,,,,,
604,COMFORT,380,1.6116,0,,,,,,
605,COMFORT,381,1.1501,0,,,,,,
606,COMFORT,382,1.1354,0,,,,,,
607,COMFORT,383,1.4387,0,,,,,,
608,COMFORT,384,1.3166,0,,,,,,
609,COMFORT,385,1.5501,0,,,,,,
610,COMFORT,386,1.5619,0,,,,,,
611,COMFORT,387,1.2570,0,,,,,,
612,COMFORT,388,1.7517,0,,,,,,
613,COMFORT,389,0.9982,0,,,,,,
614,COMFORT,390,2.1595,0,,,,,,
615,COMFORT,391,0.7636,0,,,,,,
616,COMFORT,392,1.2949,0,,,,,,
617,COMFORT,393,1.3113,0,,,,,,
618,COMFORT,394,2.1942,0,,,,,,
619,COMFORT,395,0.8457,0,,,,,,
620,COMFORT,396,1.0797,0,,,,,,
621,COMFORT,397,1.1659,0,,,,,,
622,COMFORT,398,1.6999,0,,,,,,
623,COMFORT,399,1.5226,0,,,,,,
624,COMFORT,400,2.0718,0,,,,,,
625,COMFORT,401,0.9053,0,,,,,,
626,COMFORT,402,0.6340,0,,,,,,
627,COMFORT,403,0.7355,0,,,,,,
628,COMFORT,404,0.5605,0,,,,,,
629,COMFORT,405,0.6877,0,,,,,,
630,COMFORT,406,0.4805,0,,,,,,
631,COMFORT,407,0.7755,0,,,,,,
632,COMFORT,408,0.7871,0,,,,,,
633,COMFORT,409,0.8713,0,,,,,,
634,COMFORT,410,1.1082,0,,,,,,
635,COMFORT,411,1.0202,0,,,,,,
636,COMFORT,412,1.0091,0,,,,,,
637,COMFORT,413,0.8415,0,,,,,,
638,COMFORT,414,0.6612,0,,,,,,
639,COMFORT,415,1.0930,0,,,,,,
640,COMFORT,416,0.8781,0,,,,,,
641,COMFORT,417,0.6068,0,,,,,,
642,COMFORT,418,1.3567,0,,,,,,
643,COMFORT,419,0.9419,0,,,,,,
644,COMFORT,420,0.4075,0,,,,,,
645,COMFORT,421,0.6800,0,,,,,,
646,COMFORT,422,0.7166,0,,,,,,
647,COMFORT,423,1.6016,0,,,,,,
648,COMFORT,424,1.3526,0,,,,,,
649,COMFORT,425,0.4916,0,,,,,,
650,COMFORT,426,0.7265,0,,,,,,
651,COMFORT,427,0.7567,0,,,,,,
652,COMFORT,428,1.1446,0,,,,,,
653,COMFORT,429,0.5672,0,,,,,,
654,COMFORT,430,0.6935,0,,,,,,
655,COMFORT,431,1.1744,0,,,,,,
656,COMFORT,432,1.1904,0,,,,,,
657,COMFORT,433,0.9093,0,,,,,,
658,COMFORT,434,0.2994,0,,,,,,
659,COMFORT,435,0.6103,0,,,,,,
660,COMFORT,436,2.0148,0,,,,,,
661,COMFORT,437,1.0514,0,,,,,,
662,COMFORT,438,0.6688,0,,,,,,
663,COMFORT,439,1.1429,0,,,,,,
664,COMFORT,440,1.3859,0,,,,,,
665,COMFORT,441,0.7430,0,,,,,,
666,COMFORT,442,1.1532,0,,,,,,
667,COMFORT,443,0.2840,0,,,,,,
668,COMFORT,444,0.5468,0,,,,,,
669,COMFORT,445,1.1713,0,,,,,,
670,COMFORT,446,1.7462,0,,,,,,
671,COMFORT,447,1.3507,0,,,,,,
672,COMFORT,448,0.7940,0,,,,,,
673,COMFORT,449,1.2475,0,,,,,,
674,COMFORT,450,0.7856,0,,,,,,
675,COMFORT,451,0.9017,0,,,,,,
676,COMFORT,452,1.3442,0,,,,,,
677,COMFORT,453,1.1692,0,,,,,,
678,COMFORT,454,0.7647,0,,,,,,
679,COMFORT,455,1.6331,0,,,,,,
680,COMFORT,456,1.0017,0,,,,,,
681,COMFORT,457,0.5744,0,,,,,,
682,COMFORT,458,1.1352,0,,,,,,
683,COMFORT,459,1.0863,0,,,,,,
684,COMFORT,460,1.1156,0,,,,,,
685,COMFORT,461,1.4568,0,,,,,,
686,COMFORT,462,1.5252,0,,,,,,
687,COMFORT,463,1.0369,0,,,,,,
688,COMFORT,464,0.9240,0,,,,,,
689,COMFORT,465,1.7365,0,,,,,,
690,COMFORT,466,0.7447,0,,,,,,
691,COMFORT,467,1.9881,0,,,,,,
692,COMFORT,468,1.5643,0,,,,,,
693,COMFORT,469,1.1346,0,,,,,,
694,COMFORT,470,0.8323,0,,,,,,
695,COMFORT,471,1.3063,0,,,,,,
696,COMFORT,472,1.4626,0,,,,,,
697,COMFORT,473,0.9132,0,,,,,,
698,COMFORT,474,1.3525,0,,,,,,
699,COMFORT,475,1.1808,0,,,,,,
700,COMFORT,476,1.1308,0,,,,,,
701,COMFORT,477,0.5393,0,,,,,,
702,COMFORT,478,0.9012,0,,,,,,
703,COMFORT,479,1.3012,0,,,,,,
704,COMFORT,480,0.8793,0,,,,,,
705,COMFORT,481,1.0258,0,,,,,,
706,COMFORT,482,1.2043,0,,,,,,
707,COMFORT,483,1.5019,0,,,,,,
708,COMFORT,484,0.7168,0,,,,,,
709,COMFORT,485,0.7779,0,,,,,,
710,COMFORT,486,1.5188,0,,,,,,
711,COMFORT,487,1.4766,0,,,,,,
712,COMFORT,488,1.9270,0,,,,,,
713,COMFORT,489,2.4787,0,,,,,,
714,COMFORT,490,1.7485,0,,,,,,
715,COMFORT,491,1.0501,0,,,,,,
716,COMFORT,492,1.5161,0,,,,,,
717,COMFORT,493,1.6761,0,,,,,,
718,COMFORT,494,1.2651,0,,,,,,
719,COMFORT,495,0.8613,0,,,,,,
720,COMFORT,496,2.4304,0,,,,,,
721,COMFORT,497,1.2707,0,,,,,,
722,COMFORT,498,0.7864,0,,,,,,
723,COMFORT,499,1.2394,0,,,,,,
724,COMFORT,500,1.4649,0,,,,,,
725,COMFORT,501,1.8781,0,,,,,,
726,COMFORT,502,1.6255,0,,,,,,
727,COMFORT,503,1.8117,0,,,,,,
728,COMFORT,504,1.3078,0,,,,,,
729,COMFORT,505,1.8123,0,,,,,,
730,COMFORT,506,1.0654,0,,,,,,
731,COMFORT,507,2.4776,0,,,,,,
732,COMFORT,508,1.4273,0,,,,,,
733,COMFORT,509,0.9194,0,,,,,,
734,COMFORT,510,1.3596,0,,,,,,
735,COMFORT,511,1.0213,0,,,,,,
736,COMFORT,512,1.1290,0,,,,,,
737,COMFORT,513,1.4839,0,,,,,,
738,COMFORT,514,1.4681,0,,,,,,
739,COMFORT,515,1.1645,0,,,,,,
740,COMFORT,516,1.6840,0,,,,,,
741,COMFORT,517,1.0274,0,,,,,,
742,COMFORT,518,0.7670,0,,,,,,
743,COMFORT,519,0.9691,0,,,,,,
744,COMFORT,520,1.3270,0,,,,,,
745,COMFORT,521,0.7605,0,,,,,,
746,COMFORT,522,0.9319,0,,,,,,
747,COMFORT,523,1.4577,0,,,,,,
748,COMFORT,524,0.9304,0,,,,,,
749,COMFORT,525,1.5531,0,,,,,,
750,COMFORT,526,1.1164,0,,,,,,
751,COMFORT,527,0.7056,0,,,,,,
752,COMFORT,528,0.5667,0,,,,,,
753,COMFORT,529,0.4088,0,,,,,,
754,COMFORT,530,0.6396,0,,,,,,
755,COMFORT,531,0.4858,0,,,,,,
756,COMFORT,532,0.3499,0,,,,,,
757,COMFORT,533,0.8726,0,,,,,,
758,COMFORT,534,0.5808,0,,,,,,
759,COMFORT,535,1.7460,0,,,,,,
760,COMFORT,536,1.2659,0,,,,,,
761,COMFORT,537,0.5495,0,,,,,,
762,COMFORT,538,0.4743,0,,,,,,
763,COMFORT,539,1.0854,0,,,,,,
764,COMFORT,540,1.0830,0,,,,,,
765,COMFORT,541,1.1983,0,,,,,,
766,COMFORT,542,0.8492,0,,,,,,
767,COMFORT,543,0.4851,0,,,,,,
768,COMFORT,544,0.6850,0,,,,,,
769,COMFORT,545,0.7049,0,,,,,,
770,COMFORT,546,0.7588,0,,,,,,
771,COMFORT,547,1.3983,0,,,,,,
772,COMFORT,548,1.2378,0,,,,,,
773,COMFORT,549,0.9953,0,,,,,,
774,COMFORT,550,1.4115,0,,,,,,
775,COMFORT,551,0.9155,0,,,,,,
776,COMFORT,552,1.1334,0,,,,,,
777,COMFORT,553,1.4254,0,,,,,,
778,COMFORT,554,0.7657,0,,,,,,
779,COMFORT,555,1.0746,0,,,,,,
780,COMFORT,556,0.5840,0,,,,,,
781,COMFORT,557,0.8206,0,,,,,,
782,COMFORT,558,0.5792,0,,,,,,
783,COMFORT,559,0.4708,0,,,,,,
784,COMFORT,560,1.4583,0,,,,,,
785,COMFORT,561,0.5596,0,,,,,,
786,COMFORT,562,0.8191,0,,,,,,
787,COMFORT,563,1.0788,0,,,,,,
788,COMFORT,564,1.0237,0,,,,,,
789,COMFORT,565,1.0187,0,,,,,,
790,COMFORT,566,0.8551,0,,,,,,
791,COMFORT,567,1.1858,0,,,,,,
792,COMFORT,568,0.2998,0,,,,,,
793,COMFORT,569,0.7508,0,,,,,,
794,COMFORT,570,0.8914,0,,,,,,
795,COMFORT,571,0.8083,0,,,,,,
796,COMFORT,572,1.0731,0,,,,,,
797,COMFORT,573,1.2271,0,,,,,,
798,COMFORT,574,1.5562,0,,,,,,
799,COMFORT,575,1.0092,0,,,,,,
800,COMFORT,576,1.1140,0,,,,,,
801,COMFORT,577,1.0205,0,,,,,,
802,COMFORT,578,1.3100,0,,,,,,
803,COMFORT,579,0.7748,0,,,,,,
804,COMFORT,580,0.8021,0,,,,,,
805,COMFORT,581,0.6884,0,,,,,,
806,COMFORT,582,0.9195,0,,,,,,
807,COMFORT,583,0.9175,0,,,,,,
808,COMFORT,584,0.9051,0,,,,,,
809,COMFORT,585,0.8882,0,,,,,,
810,COMFORT,586,0.9334,0,,,,,,
811,COMFORT,587,0.9815,0,,,,,,
812,COMFORT,588,0.8362,0,,,,,,
813,COMFORT,589,1.0041,0,,,,,,
814,COMFORT,590,0.5635,0,,,,,,
815,COMFORT,591,1.9170,0,,,,,,
816,COMFORT,592,0.8998,0,,,,,,
817,COMFORT,593,1.2176,0,,,,,,
818,COMFORT,594,1.6709,0,,,,,,
819,COMFORT,595,0.9421,0,,,,,,
820,COMFORT,596,1.3547,0,,,,,,
821,COMFORT,597,1.2190,0,,,,,,
822,COMFORT,598,1.1015,0,,,,,,
823,COMFORT,599,0.6322,0,,,,,,
824,COMFORT,600,1.4791,0,,,,,,
825,COMFORT,601,1.1918,0,,,,,,
826,COMFORT,602,1.0583,0,,,,,,
827,COMFORT,603,0.9981,0,,,,,,
828,COMFORT,604,1.4597,0,,,,,,
829,COMFORT,605,1.0093,0,,,,,,
830,COMFORT,606,0.6505,0,,,,,,
831,COMFORT,607,1.4339,0,,,,,,
832,COMFORT,608,1.1951,0,,,,,,
833,COMFORT,609,1.0932,0,,,,,,
834,COMFORT,610,0.8453,0,,,,,,
835,COMFORT,611,1.1754,0,,,,,,
836,COMFORT,612,2.0403,0,,,,,,
837,COMFORT,613,0.9499,0,,,,,,
838,COMFORT,614,1.1529,0,,,,,,
839,COMFORT,615,1.7058,0,,,,,,
840,COMFORT,616,1.3579,0,,,,,,
841,COMFORT,617,0.9173,0,,,,,,
842,COMFORT,618,1.5229,0,,,,,,
843,COMFORT,619,1.1198,0,,,,,,
844,COMFORT,620,0.7660,0,,,,,,
845,COMFORT,621,1.5374,0,,,,,,
846,COMFORT,622,1.1185,0,,,,,,
847,COMFORT,623,1.0541,0,,,,,,
848,COMFORT,624,1.3404,0,,,,,,
849,COMFORT,625,0.8567,0,,,,,,
850,COMFORT,626,1.4968,0,,,,,,
851,COMFORT,627,1.2759,0,,,,,,
852,COMFORT,628,0.7331,0,,,,,,
853,COMFORT,629,1.0117,0,,,,,,
854,COMFORT,630,1.0078,0,,,,,,
855,COMFORT,631,1.4563,0,,,,,,
856,COMFORT,632,1.7286,0,,,,,,
857,COMFORT,633,1.4002,0,,,,,,
858,COMFORT,634,1.6546,0,,,,,,
859,COMFORT,635,1.1691,0,,,,,,
860,COMFORT,636,0.9557,0,,,,,,
861,COMFORT,637,1.1309,0,,,,,,
862,COMFORT,638,1.0774,0,,,,,,
863,COMFORT,639,1.1257,0,,,,,,
864,COMFORT,640,1.5311,0,,,,,,
865,COMFORT,641,1.6228,0,,,,,,
866,COMFORT,642,0.9190,0,,,,,,
867,COMFORT,643,1.1966,0,,,,,,
868,COMFORT,644,0.9527,0,,,,,,
869,COMFORT,645,1.0970,0,,,,,,
870,COMFORT,646,0.9508,0,,,,,,
871,COMFORT,647,0.8762,0,,,,,,
872,COMFORT,648,1.7818,0,,,,,,
873,COMFORT,649,0.9619,0,,,,,,
874,COMFORT,650,1.3702,0,,,,,,
875,COMFORT,651,0.9873,0,,,,,,
876,COMFORT,652,0.9545,0,,,,,,
877,COMFORT,653,0.4381,0,,,,,,
878,COMFORT,654,0.7536,0,,,,,,
879,COMFORT,655,0.9175,0,,,,,,
880,COMFORT,656,0.5940,0,,,,,,
881,COMFORT,657,0.7915,0,,,,,,
882,COMFORT,658,0.6351,0,,,,,,
883,COMFORT,659,1.0722,0,,,,,,
884,COMFORT,660,1.2017,0,,,,,,
885,COMFORT,661,0.9165,0,,,,,,
886,COMFORT,662,0.9609,0,,,,,,
887,COMFORT,663,0.3543,0,,,,,,
888,COMFORT,664,0.8505,0,,,,,,
889,COMFORT,665,0.7500,0,,,,,,
890,COMFORT,666,1.2750,0,,,,,,
891,COMFORT,667,1.0969,0,,,,,,
892,COMFORT,668,1.1975,0,,,,,,
893,COMFORT,669,0.8626,0,,,,,,
894,COMFORT,670,0.9269,0,,,,,,
895,COMFORT,671,0.9953,0,,,,,,
896,COMFORT,672,0.5785,0,,,,,,
897,COMFORT,673,0.9776,0,,,,,,
898,COMFORT,674,0.8479,0,,,,,,
899,COMFORT,675,0.6128,0,,,,,,
900,COMFORT,676,0.5933,0,,,,,,
901,COMFORT,677,1.6452,0,,,,,,
902,COMFORT,678,0.9226,0,,,,,,
903,COMFORT,679,0.8473,0,,,,,,
904,COMFORT,680,0.7578,0,,,,,,
905,COMFORT,681,1.0740,0,,,,,,
906,COMFORT,682,1.0880,0,,,,,,
907,COMFORT,683,0.7219,0,,,,,,
908,COMFORT,684,1.2880,0,,,,,,
909,COMFORT,685,1.1210,0,,,,,,
910,COMFORT,686,1.0042,0,,,,,,
911,COMFORT,687,1.3619,0,,,,,,
912,COMFORT,688,0.9108,0,,,,,,
913,COMFORT,689,0.6182,0,,,,,,
914,COMFORT,690,1.0794,0,,,,,,
915,COMFORT,691,1.8297,0,,,,,,
916,COMFORT,692,0.3198,0,,,,,,
917,COMFORT,693,1.0857,0,,,,,,
918,COMFORT,694,1.0917,0,,,,,,
919,COMFORT,695,0.9755,0,,,,,,
920,COMFORT,696,0.9399,0,,,,,,
921,COMFORT,697,0.8590,0,,,,,,
922,COMFORT,698,0.7658,0,,,,,,
923,COMFORT,699,0.5548,0,,,,,,
924,COMFORT,700,0.9998,0,,,,,,
925,COMFORT,701,1.2745,0,,,,,,
926,COMFORT,702,0.7707,0,,,,,,
927,COMFORT,703,0.5852,0,,,,,,
928,COMFORT,704,0.5335,0,,,,,,
929,COMFORT,705,0.9981,0,,,,,,
930,COMFORT,706,1.2051,0,,,,,,
931,COMFORT,707,0.9575,0,,,,,,
932,COMFORT,708,1.3056,0,,,,,,
933,COMFORT,709,0.8374,0,,,,,,
934,COMFORT,710,0.3151,0,,,,,,
935,COMFORT,711,1.2037,0,,,,,,
936,COMFORT,712,1.2209,0,,,,,,
937,COMFORT,713,1.5055,0,,,,,,
938,COMFORT,714,0.9989,0,,,,,,
939,COMFORT,715,0.9183,0,,,,,,
940,COMFORT,716,1.7309,0,,,,,,
941,COMFORT,717,0.5236,0,,,,,,
942,COMFORT,718,0.5550,0,,,,,,
943,COMFORT,719,1.0360,0,,,,,,
944,COMFORT,720,1.6681,0,,,,,,
945,COMFORT,721,1.5418,0,,,,,,
946,COMFORT,722,1.2873,0,,,,,,
947,COMFORT,723,1.2498,0,,,,,,
948,COMFORT,724,0.9288,0,,,,,,
949,COMFORT,725,0.7299,0,,,,,,
950,COMFORT,726,1.2032,0,,,,,,
951,COMFORT,727,1.4367,0,,,,,,
952,COMFORT,728,1.0441,0,,,,,,
953,COMFORT,729,0.4770,0,,,,,,
954,COMFORT,730,1.2076,0,,,,,,
955,COMFORT,731,0.7989,0,,,,,,
956,COMFORT,732,0.9711,0,,,,,,
957,COMFORT,733,1.3941,0,,,,,,
958,COMFORT,734,0.8667,0,,,,,,
959,COMFORT,735,0.4870,0,,,,,,
960,COMFORT,736,1.0225,0,,,,,,
961,COMFORT,737,0.8434,0,,,,,,
962,COMFORT,738,0.7487,0,,,,,,
963,COMFORT,739,1.6564,0,,,,,,
964,COMFORT,740,1.3891,0,,,,,,
965,COMFORT,741,1.1746,0,,,,,,
966,COMFORT,742,1.3628,0,,,,,,
967,COMFORT,743,0.9707,0,,,,,,
968,COMFORT,744,1.4707,0,,,,,,
969,COMFORT,745,1.3447,0,,,,,,
970,COMFORT,746,1.0227,0,,,,,,
971,COMFORT,747,1.4900,0,,,,,,
972,COMFORT,748,0.9227,0,,,,,,
973,COMFORT,749,1.2396,0,,,,,,
974,COMFORT,750,1.5704,0,,,,,,
975,COMFORT,751,0.9554,0,,,,,,
976,COMFORT,752,0.8706,0,,,,,,
977,COMFORT,753,1.1122,0,,,,,,
978,COMFORT,754,1.0374,0,,,,,,
979,COMFORT,755,1.0978,0,,,,,,
980,COMFORT,756,1.3108,0,,,,,,
981,COMFORT,757,1.0705,0,,,,,,
982,COMFORT,758,1.2391,0,,,,,,
983,COMFORT,759,0.3171,0,,,,,,
984,COMFORT,760,1.3939,0,,,,,,
985,COMFORT,761,0.7679,0,,,,,,
986,COMFORT,762,1.3901,0,,,,,,
987,COMFORT,763,1.0053,0,,,,,,
988,COMFORT,764,1.5512,0,,,,,,
989,COMFORT,765,1.2790,0,,,,,,
990,COMFORT,766,0.9959,0,,,,,,
991,COMFORT,767,1.1229,0,,,,,,
992,COMFORT,768,0.9750,0,,,,,,
993,COMFORT,769,1.1216,0,,,,,,
994,COMFORT,770,1.3149,0,,,,,,
995,COMFORT,771,1.1272,0,,,,,,
996,COMFORT,772,0.8227,0,,,,,,
997,COMFORT,773,1.1365,0,,,,,,
998,COMFORT,774,1.3659,0,,,,,,
999,COMFORT,775,1.6200,0,,,,,,
1000,COMFORT,776,0.9421,0,,,,,,
1001,COMFORT,777,0.3076,0,,,,,,
1002,COMFORT,778,0.6118,0,,,,,,
1003,COMFORT,779,0.6890,0,,,,,,
1004,COMFORT,780,0.4675,0,,,,,,
1005,COMFORT,781,0.5837,0,,,,,,
1006,COMFORT,782,0.8260,0,,,,,,
1007,COMFORT,783,0.4347,0,,,,,,
1008,COMFORT,784,0.4371,0,,,,,,
1009,COMFORT,785,0.6823,0,,,,,,
1010,COMFORT,786,1.0801,0,,,,,,
1011,COMFORT,787,0.8538,0,,,,,,
1012,COMFORT,788,0.4202,0,,,,,,
1013,COMFORT,789,1.2571,0,,,,,,
1014,COMFORT,790,0.6947,0,,,,,,
1015,COMFORT,791,0.4587,0,,,,,,
1016,COMFORT,792,0.7821,0,,,,,,
1017,COMFORT,793,0.7538,0,,,,,,
1018,COMFORT,794,0.7900,0,,,,,,
1019,COMFORT,795,0.3088,0,,,,,,
1020,COMFORT,796,0.6391,0,,,,,,
1021,COMFORT,797,0.5450,0,,,,,,
1022,COMFORT,798,1.3356,0,,,,,,
1023,COMFORT,799,0.4805,0,,,,,,
1024,COMFORT,800,0.8187,0,,,,,,
1025,COMFORT,801,0.7910,0,,,,,,
1026,COMFORT,802,0.8427,0,,,,,,
1027,COMFORT,803,0.8449,0,,,,,,
1028,COMFORT,804,0.9288,0,,,,,,
1029,COMFORT,805,0.9639,0,,,,,,
1030,COMFORT,806,1.2887,0,,,,,,
1031,COMFORT,807,0.6680,0,,,,,,
1032,COMFORT,808,1.2002,0,,,,,,
1033,COMFORT,809,1.1406,0,,,,,,
1034,COMFORT,810,0.8078,0,,,,,,
1035,COMFORT,811,0.4594,0,,,,,,
1036,COMFORT,812,0.8184,0,,,,,,
1037,COMFORT,813,0.9782,0,,,,,,
1038,COMFORT,814,1.0178,0,,,,,,
1039,COMFORT,815,1.2323,0,,,,,,
1040,COMFORT,816,1.1586,0,,,,,,
1041,COMFORT,817,1.2910,0,,,,,,
1042,COMFORT,818,0.3800,0,,,,,,
1043,COMFORT,819,0.5432,0,,,,,,
1044,COMFORT,820,1.3856,0,,,,,,
1045,COMFORT,821,0.8875,0,,,,,,
1046,COMFORT,822,0.8861,0,,,,,,
1047,COMFORT,823,0.6654,0,,,,,,
1048,COMFORT,824,0.7449,0,,,,,,
1049,COMFORT,825,0.8946,0,,,,,,
1050,COMFORT,826,0.8155,0,,,,,,
1051,COMFORT,827,0.9579,0,,,,,,
1052,COMFORT,828,1.0229,0,,,,,,
1053,COMFORT,829,1.1903,0,,,,,,
1054,COMFORT,830,0.9459,0,,,,,,
1055,COMFORT,831,0.9009,0,,,,,,
1056,COMFORT,832,1.4323,0,,,,,,
1057,COMFORT,833,0.9607,0,,,,,,
1058,COMFORT,834,0.6663,0,,,,,,
1059,COMFORT,835,1.3680,0,,,,,,
1060,COMFORT,836,1.8719,0,,,,,,
1061,COMFORT,837,1.6658,0,,,,,,
1062,COMFORT,838,0.5988,0,,,,,,
1063,COMFORT,839,1.4656,0,,,,,,
1064,COMFORT,840,1.4332,0,,,,,,
1065,COMFORT,841,1.0012,0,,,,,,
1066,COMFORT,842,1.0173,0,,,,,,
1067,COMFORT,843,1.0246,0,,,,,,
1068,COMFORT,844,0.5118,0,,,,,,
1069,COMFORT,845,0.9316,0,,,,,,
1070,COMFORT,846,1.1259,0,,,,,,
1071,COMFORT,847,1.0378,0,,,,,,
1072,COMFORT,848,1.2522,0,,,,,,
1073,COMFORT,849,1.1734,0,,,,,,
1074,COMFORT,850,0.9950,0,,,,,,
1075,COMFORT,851,1.0497,0,,,,,,
1076,COMFORT,852,0.5176,0,,,,,,
1077,COMFORT,853,1.4416,0,,,,,,
1078,COMFORT,854,1.0830,0,,,,,,
1079,COMFORT,855,0.8569,0,,,,,,
1080,COMFORT,856,0.8823,0,,,,,,
1081,COMFORT,857,0.7153,0,,,,,,
1082,COMFORT,858,1.0015,0,,,,,,
1083,COMFORT,859,0.8842,0,,,,,,
1084,COMFORT,860,1.1563,0,,,,,,
1085,COMFORT,861,1.2973,0,,,,,,
1086,COMFORT,862,1.0797,0,,,,,,
1087,COMFORT,863,1.3391,0,,,,,,
1088,COMFORT,864,0.7368,0,,,,,,
1089,COMFORT,865,0.9793,0,,,,,,
1090,COMFORT,866,0.9545,0,,,,,,
1091,COMFORT,867,1.4602,0,,,,,,
1092,COMFORT,868,0.6751,0,,,,,,
1093,COMFORT,869,0.8219,0,,,,,,
1094,COMFORT,870,0.7256,0,,,,,,
1095,COMFORT,871,0.8333,0,,,,,,
1096,COMFORT,872,0.7329,0,,,,,,
1097,COMFORT,873,1.4554,0,,,,,,
1098,COMFORT,874,0.8235,0,,,,,,
1099,COMFORT,875,0.4664,0,,,,,,
1100,COMFORT,876,1.1676,0,,,,,,
1101,COMFORT,877,1.1440,0,,,,,,
1102,COMFORT,878,0.7670,0,,,,,,
1103,COMFORT,879,1.6333,0,,,,,,
1104,COMFORT,880,1.2530,0,,,,,,
1105,COMFORT,881,1.4135,0,,,,,,
1106,COMFORT,882,1.2336,0,,,,,,
1107,COMFORT,883,0.7544,0,,,,,,
1108,COMFORT,884,1.3744,0,,,,,,
1109,COMFORT,885,1.2880,0,,,,,,
1110,COMFORT,886,1.4532,0,,,,,,
1111,COMFORT,887,1.3269,0,,,,,,
1112,COMFORT,888,0.8282,0,,,,,,
1113,COMFORT,889,0.8713,0,,,,,,
1114,COMFORT,890,1.3290,0,,,,,,
1115,COMFORT,891,0.9495,0,,,,,,
1116,COMFORT,892,1.2730,0,,,,,,
1117,COMFORT,893,1.3636,0,,,,,,
1118,COMFORT,894,1.1663,0,,,,,,
1119,COMFORT,895,0.9175,0,,,,,,
1120,COMFORT,896,1.1268,0,,,,,,
1121,COMFORT,897,1.0394,0,,,,,,
1122,COMFORT,898,1.2924,0,,,,,,
1123,COMFORT,899,0.8605,0,,,,,,
1124,COMFORT,900,1.2300,0,,,,,,
1125,COMFORT,901,0.7962,0,,,,,,
1126,COMFORT,902,0.7865,0,,,,,,
1127,COMFORT,903,0.8250,0,,,,,,
1128,COMFORT,904,0.4343,0,,,,,,
1129,COMFORT,905,0.6555,0,,,,,,
1130,COMFORT,906,0.4912,0,,,,,,
1131,COMFORT,907,0.8720,0,,,,,,
1132,COMFORT,908,0.6815,0,,,,,,
1133,COMFORT,909,0.9444,0,,,,,,
1134,COMFORT,910,0.8259,0,,,,,,
1135,COMFORT,911,0.9933,0,,,,,,
1136,COMFORT,912,0.7116,0,,,,,,
1137,COMFORT,913,1.1559,0,,,,,,
1138,COMFORT,914,0.2758,0,,,,,,
1139,COMFORT,915,0.4741,0,,,,,,
1140,COMFORT,916,0.4703,0,,,,,,
1141,COMFORT,917,1.0655,0,,,,,,
1142,COMFORT,918,0.8124,0,,,,,,
1143,COMFORT,919,0.5585,0,,,,,,
1144,COMFORT,920,0.9009,0,,,,,,
1145,COMFORT,921,1.4223,0,,,,,,
1146,COMFORT,922,0.6629,0,,,,,,
1147,COMFORT,923,1.0742,0,,,,,,
1148,COMFORT,924,0.2314,0,,,,,,
1149,COMFORT,925,0.7132,0,,,,,,
1150,COMFORT,926,1.0837,0,,,,,,
1151,COMFORT,927,0.4435,0,,,,,,
1152,COMFORT,928,0.9896,0,,,,,,
1153,COMFORT,929,0.3723,0,,,,,,
1154,COMFORT,930,0.9745,0,,,,,,
1155,COMFORT,931,0.8039,0,,,,,,
1156,COMFORT,932,1.1485,0,,,,,,
1157,COMFORT,933,0.8988,0,,,,,,
1158,COMFORT,934,0.7501,0,,,,,,
1159,COMFORT,935,1.1112,0,,,,,,
1160,COMFORT,936,0.6275,0,,,,,,
1161,COMFORT,937,0.8069,0,,,,,,
1162,COMFORT,938,1.1319,0,,,,,,
1163,COMFORT,939,0.5728,0,,,,,,
1164,COMFORT,940,0.6885,0,,,,,,
1165,COMFORT,941,0.8635,0,,,,,,
1166,COMFORT,942,0.2560,0,,,,,,
1167,COMFORT,943,1.2381,0,,,,,,
1168,COMFORT,944,1.4083,0,,,,,,
1169,COMFORT,945,0.7140,0,,,,,,
1170,COMFORT,946,1.0808,0,,,,,,
1171,COMFORT,947,0.7494,0,,,,,,
1172,COMFORT,948,1.1168,0,,,,,,
1173,COMFORT,949,0.7607,0,,,,,,
1174,COMFORT,950,0.4822,0,,,,,,
1175,COMFORT,951,0.5710,0,,,,,,
1176,COMFORT,952,1.0249,0,,,,,,
1177,COMFORT,953,0.9627,0,,,,,,
1178,COMFORT,954,0.8989,0,,,,,,
1179,COMFORT,955,1.2444,0,,,,,,
1180,COMFORT,956,1.2372,0,,,,,,
1181,COMFORT,957,0.6198,0,,,,,,
1182,COMFORT,958,0.4772,0,,,,,,
1183,COMFORT,959,1.4185,0,,,,,,
1184,COMFORT,960,1.2532,0,,,,,,
1185,COMFORT,961,1.0625,0,,,,,,
1186,COMFORT,962,1.8676,0,,,,,,
1187,COMFORT,963,1.3556,0,,,,,,
1188,COMFORT,964,1.0631,0,,,,,,
1189,COMFORT,965,0.7256,0,,,,,,
1190,COMFORT,966,1.0373,0,,,,,,
1191,COMFORT,967,0.6419,0,,,,,,
1192,COMFORT,968,1.1928,0,,,,,,
1193,COMFORT,969,1.0294,0,,,,,,
1194,COMFORT,970,1.4017,0,,,,,,
1195,COMFORT,971,0.7834,0,,,,,,
1196,COMFORT,972,1.3736,0,,,,,,
1197,COMFORT,973,0.8846,0,,,,,,
1198,COMFORT,974,1.0645,0,,,,,,
1199,COMFORT,975,1.1037,0,,,,,,
1200,COMFORT,976,1.1354,0,,,,,,
1201,COMFORT,977,1.2999,0,,,,,,
1202,COMFORT,978,0.9811,0,,,,,,
1203,COMFORT,979,1.1178,0,,,,,,
1204,COMFORT,980,0.9946,0,,,,,,
1205,COMFORT,981,0.4316,0,,,,,,
1206,COMFORT,982,1.1546,0,,,,,,
1207,COMFORT,983,1.2694,0,,,,,,
1208,COMFORT,984,0.8173,0,,,,,,
1209,COMFORT,985,1.0793,0,,,,,,
1210,COMFORT,986,1.1639,0,,,,,,
1211,COMFORT,987,1.4954,0,,,,,,
1212,COMFORT,988,0.9324,0,,,,,,
1213,COMFORT,989,1.1885,0,,,,,,
1214,COMFORT,990,1.3702,0,,,,,,
1215,COMFORT,991,0.8841,0,,,,,,
1216,COMFORT,992,0.8537,0,,,,,,
1217,COMFORT,993,0.4095,0,,,,,,
1218,COMFORT,994,1.5603,0,,,,,,
1219,COMFORT,995,1.2123,0,,,,,,
1220,COMFORT,996,1.0892,0,,,,,,
1221,COMFORT,997,1.1132,0,,,,,,
1222,COMFORT,998,0.9373,0,,,,,,
1223,COMFORT,999,0.9262,0,,,,,,
1224,COMFORT,1000,0.7794,0,,,,,,
1225,COMFORT,1001,0.3824,0,,,,,,
1226,COMFORT,1002,1.7488,0,,,,,,
1227,COMFORT,1003,0.6299,0,,,,,,
1228,COMFORT,1004,0.9148,0,,,,,,
1229,COMFORT,1005,0.9758,0,,,,,,
1230,COMFORT,1006,1.2195,0,,,,,,
1231,COMFORT,1007,0.4609,0,,,,,,
1232,COMFORT,1008,0.6757,0,,,,,,
1233,COMFORT,1009,0.8419,0,,,,,,
1234,COMFORT,1010,0.4065,0,,,,,,
1235,COMFORT,1011,0.8625,0,,,,,,
1236,COMFORT,1012,1.0283,0,,,,,,
1237,COMFORT,1013,1.1988,0,,,,,,
1238,COMFORT,1014,1.3650,0,,,,,,
1239,COMFORT,1015,1.8620,0,,,,,,
1240,COMFORT,1016,1.1823,0,,,,,,
1241,COMFORT,1017,0.9167,0,,,,,,
1242,COMFORT,1018,1.4558,0,,,,,,
1243,COMFORT,1019,1.4072,0,,,,,,
1244,COMFORT,1020,0.8301,0,,,,,,
1245,COMFORT,1021,1.3686,0,,,,,,
1246,COMFORT,1022,0.5274,0,,,,,,
1247,COMFORT,1023,1.0811,0,,,,,,
1248,COMFORT,1024,0.6849,0,,,,,,
1249,COMFORT,1025,0.9920,0,,,,,,
1250,COMFORT,1026,0.5041,0,,,,,,
1251,COMFORT,1027,0.3211,0,,,,,,
1252,COMFORT,1028,0.4944,0,,,,,,
1253,COMFORT,1029,0.4366,0,,,,,,
1254,COMFORT,1030,0.9204,0,,,,,,
1255,COMFORT,1031,0.7742,0,,,,,,
1256,COMFORT,1032,0.8837,0,,,,,,
1257,COMFORT,1033,0.3814,0,,,,,,
1258,COMFORT,1034,0.5834,0,,,,,,
1259,COMFORT,1035,0.7586,0,,,,,,
1260,COMFORT,1036,0.5022,0,,,,,,
1261,COMFORT,1037,0.5088,0,,,,,,
1262,COMFORT,1038,1.2429,0,,,,,,
1263,COMFORT,1039,1.0611,0,,,,,,
1264,COMFORT,1040,0.4395,0,,,,,,
1265,COMFORT,1041,1.1017,0,,,,,,
1266,COMFORT,1042,0.8199,0,,,,,,
1267,COMFORT,1043,0.9398,0,,,,,,
1268,COMFORT,1044,0.7848,0,,,,,,
1269,COMFORT,1045,0.7189,0,,,,,,
1270,COMFORT,1046,0.9213,0,,,,,,
1271,COMFORT,1047,1.2625,0,,,,,,
1272,COMFORT,1048,1.2825,0,,,,,,
1273,COMFORT,1049,0.9793,0,,,,,,
1274,COMFORT,1050,0.3382,0,,,,,,
1275,COMFORT,1051,0.3771,0,,,,,,
1276,COMFORT,1052,0.4225,0,,,,,,
1277,COMFORT,1053,1.0578,0,,,,,,
1278,COMFORT,1054,0.3991,0,,,,,,
1279,COMFORT,1055,0.7173,0,,,,,,
1280,COMFORT,1056,0.7303,0,,,,,,
1281,COMFORT,1057,0.2427,0,,,,,,
1282,COMFORT,1058,0.8315,0,,,,,,
1283,COMFORT,1059,0.9294,0,,,,,,
1284,COMFORT,1060,0.6312,0,,,,,,
1285,COMFORT,1061,0.7313,0,,,,,,
1286,COMFORT,1062,0.6754,0,,,,,,
1287,COMFORT,1063,1.2464,0,,,,,,
1288,COMFORT,1064,1.3972,0,,,,,,
1289,COMFORT,1065,0.8303,0,,,,,,
1290,COMFORT,1066,1.2824,0,,,,,,
1291,COMFORT,1067,0.6728,0,,,,,,
1292,COMFORT,1068,1.1471,0,,,,,,
1293,COMFORT,1069,1.2236,0,,,,,,
1294,COMFORT,1070,1.2955,0,,,,,,
1295,COMFORT,1071,1.1786,0,,,,,,
1296,COMFORT,1072,0.8804,0,,,,,,
1297,COMFORT,1073,0.8700,0,,,,,,
1298,COMFORT,1074,0.6031,0,,,,,,
1299,COMFORT,1075,0.8111,0,,,,,,
1300,COMFORT,1076,0.7515,0,,,,,,
1301,COMFORT,1077,0.7672,0,,,,,,
1302,COMFORT,1078,0.6021,0,,,,,,
1303,COMFORT,1079,0.4785,0,,,,,,
1304,COMFORT,1080,0.8574,0,,,,,,
1305,COMFORT,1081,0.7339,0,,,,,,
1306,COMFORT,1082,1.6834,0,,,,,,
1307,COMFORT,1083,0.7847,0,,,,,,
1308,COMFORT,1084,0.8421,0,,,,,,
1309,COMFORT,1085,0.6527,0,,,,,,
1310,COMFORT,1086,1.0242,0,,,,,,
1311,COMFORT,1087,0.5710,0,,,,,,
1312,COMFORT,1088,0.6935,0,,,,,,
1313,COMFORT,1089,0.7207,0,,,,,,
1314,COMFORT,1090,0.7110,0,,,,,,
1315,COMFORT,1091,1.6833,0,,,,,,
1316,COMFORT,1092,1.3827,0,,,,,,
1317,COMFORT,1093,1.1551,0,,,,,,
1318,COMFORT,1094,1.2544,0,,,,,,
1319,COMFORT,1095,0.6539,0,,,,,,
1320,COMFORT,1096,0.8837,0,,,,,,
1321,COMFORT,1097,1.1298,0,,,,,,
1322,COMFORT,1098,0.2897,0,,,,,,
1323,COMFORT,1099,1.2385,0,,,,,,
1324,COMFORT,1100,1.2398,0,,,,,,
1325,COMFORT,1101,1.0937,0,,,,,,
1326,COMFORT,1102,1.3611,0,,,,,,
1327,COMFORT,1103,0.8435,0,,,,,,
1328,COMFORT,1104,0.7544,0,,,,,,
1329,COMFORT,1105,0.9517,0,,,,,,
1330,COMFORT,1106,0.9258,0,,,,,,
1331,COMFORT,1107,0.8980,0,,,,,,
1332,COMFORT,1108,0.9310,0,,,,,,
1333,COMFORT,1109,0.8682,0,,,,,,
1334,COMFORT,1110,0.5550,0,,,,,,
1335,COMFORT,1111,0.8398,0,,,,,,
1336,COMFORT,1112,1.6742,0,,,,,,
1337,COMFORT,1113,1.4175,0,,,,,,
1338,COMFORT,1114,0.7363,0,,,,,,
1339,COMFORT,1115,1.3938,0,,,,,,
1340,COMFORT,1116,1.5782,0,,,,,,
1341,COMFORT,1117,0.7762,0,,,,,,
1342,COMFORT,1118,0.7567,0,,,,,,
1343,COMFORT,1119,0.4675,0,,,,,,
1344,COMFORT,1120,1.3643,0,,,,,,
1345,COMFORT,1121,0.9331,0,,,,,,
1346,COMFORT,1122,1.1162,0,,,,,,
1347,COMFORT,1123,0.8036,0,,,,,,
1348,COMFORT,1124,1.2656,0,,,,,,
1349,COMFORT,1125,1.5232,0,,,,,,
1350,COMFORT,1126,1.3271,0,,,,,,
1351,COMFORT,1127,0.8297,0,,,,,,
1352,COMFORT,1128,0.8305,0,,,,,,
1353,COMFORT,1129,0.8729,0,,,,,,
1354,COMFORT,1130,0.9942,0,,,,,,
1355,COMFORT,1131,1.2753,0,,,,,,
1356,COMFORT,1132,0.7568,0,,,,,,
1357,COMFORT,1133,1.4571,0,,,,,,
1358,COMFORT,1134,0.6710,0,,,,,,
1359,COMFORT,1135,0.7282,0,,,,,,
1360,COMFORT,1136,0.4542,0,,,,,,
1361,COMFORT,1137,1.5324,0,,,,,,
1362,COMFORT,1138,0.4270,0,,,,,,
1363,COMFORT,1139,1.2321,0,,,,,,
1364,COMFORT,1140,1.2040,0,,,,,,
1365,COMFORT,1141,1.2655,0,,,,,,
1366,COMFORT,1142,0.8304,0,,,,,,
1367,COMFORT,1143,1.2717,0,,,,,,
1368,COMFORT,1144,1.2093,0,,,,,,
1369,COMFORT,1145,1.3595,0,,,,,,
1370,COMFORT,1146,0.8099,0,,,,,,
1371,COMFORT,1147,1.3626,0,,,,,,
1372,COMFORT,1148,1.2389,0,,,,,,
1373,COMFORT,1149,1.1702,0,,,,,,
1374,COMFORT,1150,1.1518,0,,,,,,
1375,COMFORT,1151,0.7571,0,,,,,,
1376,COMFORT,1152,0.6793,0,,,,,,
1377,COMFORT,1153,0.9149,0,,,,,,
1378,COMFORT,1154,0.3965,0,,,,,,
1379,COMFORT,1155,0.7348,0,,,,,,
1380,COMFORT,1156,0.8565,0,,,,,,
1381,COMFORT,1157,0.5609,0,,,,,,
1382,COMFORT,1158,0.6179,0,,,,,,
1383,COMFORT,1159,0.6291,0,,,,,,
1384,COMFORT,1160,0.4258,0,,,,,,
1385,COMFORT,1161,1.0242,0,,,,,,
1386,COMFORT,1162,0.6122,0,,,,,,
1387,COMFORT,1163,0.4955,0,,,,,,
1388,COMFORT,1164,0.7052,0,,,,,,
1389,COMFORT,1165,0.7161,0,,,,,,
1390,COMFORT,1166,0.8083,0,,,,,,
1391,COMFORT,1167,0.4560,0,,,,,,
1392,COMFORT,1168,0.6595,0,,,,,,
1393,COMFORT,1169,0.5871,0,,,,,,
1394,COMFORT,1170,0.7997,0,,,,,,
1395,COMFORT,1171,1.0917,0,,,,,,
1396,COMFORT,1172,0.4409,0,,,,,,
1397,COMFORT,1173,1.2036,0,,,,,,
1398,COMFORT,1174,0.8321,0,,,,,,
1399,COMFORT,1175,1.3550,0,,,,,,
1400,COMFORT,1176,0.7104,0,,,,,,
1401,COMFORT,1177,0.5134,0,,,,,,
1402,COMFORT,1178,0.7017,0,,,,,,
1403,COMFORT,1179,1.0206,0,,,,,,
1404,COMFORT,1180,0.8554,0,,,,,,
1405,COMFORT,1181,0.9324,0,,,,,,
1406,COMFORT,1182,0.6709,0,,,,,,
1407,COMFORT,1183,1.0671,0,,,,,,
1408,COMFORT,1184,0.6387,0,,,,,,
1409,COMFORT,1185,0.7433,0,,,,,,
1410,COMFORT,1186,1.0871,0,,,,,,
1411,COMFORT,1187,1.1123,0,,,,,,
1412,COMFORT,1188,0.9821,0,,,,,,
1413,COMFORT,1189,0.4844,0,,,,,,
1414,COMFORT,1190,0.7778,0,,,,,,
1415,COMFORT,1191,1.1036,0,,,,,,
1416,COMFORT,1192,1.3908,0,,,,,,
1417,COMFORT,1193,1.0673,0,,,,,,
1418,COMFORT,1194,0.4279,0,,,,,,
1419,COMFORT,1195,1.1408,0,,,,,,
1420,COMFORT,1196,0.8422,0,,,,,,
1421,COMFORT,1197,0.6390,0,,,,,,
1422,COMFORT,1198,0.7451,0,,,,,,
1423,COMFORT,1199,1.1009,0,,,,,,
1424,COMFORT,1200,0.8617,0,,,,,,
1425,COMFORT,1201,0.9709,0,,,,,,
1426,COMFORT,1202,2.0745,0,,,,,,
1427,COMFORT,1203,1.3636,0,,,,,,
1428,COMFORT,1204,0.8650,0,,,,,,
1429,COMFORT,1205,0.7139,0,,,,,,
1430,COMFORT,1206,0.6497,0,,,,,,
1431,COMFORT,1207,0.6512,0,,,,,,
1432,COMFORT,1208,1.0383,0,,,,,,
1433,COMFORT,1209,0.9361,0,,,,,,
1434,COMFORT,1210,0.8788,0,,,,,,
1435,COMFORT,1211,1.1812,0,,,,,,
1436,COMFORT,1212,0.6018,0,,,,,,
1437,COMFORT,1213,1.4037,0,,,,,,
1438,COMFORT,1214,0.8658,0,,,,,,
1439,COMFORT,1215,0.6892,0,,,,,,
1440,COMFORT,1216,1.2075,0,,,,,,
1441,COMFORT,1217,0.6515,0,,,,,,
1442,COMFORT,1218,0.6417,0,,,,,,
1443,COMFORT,1219,1.1560,0,,,,,,
1444,COMFORT,1220,0.9423,0,,,,,,
1445,COMFORT,1221,1.3264,0,,,,,,
1446,COMFORT,1222,0.6627,0,,,,,,
1447,COMFORT,1223,0.7471,0,,,,,,
1448,COMFORT,1224,1.3964,0,,,,,,
1449,COMFORT,1225,1.1144,0,,,,,,
1450,COMFORT,1226,1.0595,0,,,,,,
1451,COMFORT,1227,1.0910,0,,,,,,
1452,COMFORT,1228,0.7612,0,,,,,,
1453,COMFORT,1229,1.8323,0,,,,,,
1454,COMFORT,1230,1.0093,0,,,,,,
1455,COMFORT,1231,0.9821,0,,,,,,
1456,COMFORT,1232,1.3559,0,,,,,,
1457,COMFORT,1233,1.0729,0,,,,,,
1458,COMFORT,1234,1.4780,0,,,,,,
1459,COMFORT,1235,0.4231,0,,,,,,
1460,COMFORT,1236,1.5325,0,,,,,,
1461,COMFORT,1237,0.8041,0,,,,,,
1462,COMFORT,1238,0.5362,0,,,,,,
1463,COMFORT,1239,1.2952,0,,,,,,
1464,COMFORT,1240,0.8746,0,,,,,,
1465,COMFORT,1241,0.6964,0,,,,,,
1466,COMFORT,1242,0.6356,0,,,,,,
1467,COMFORT,1243,0.6810,0,,,,,,
1468,COMFORT,1244,1.1064,0,,,,,,
1469,COMFORT,1245,0.8758,0,,,,,,
1470,COMFORT,1246,1.0979,0,,,,,,
1471,COMFORT,1247,0.4092,0,,,,,,
1472,COMFORT,1248,0.7330,0,,,,,,
1473,COMFORT,1249,0.9648,0,,,,,,
1474,COMFORT,1250,1.2269,0,,,,,,
1475,COMFORT,1251,1.0577,0,,,,,,
1476,COMFORT,1252,1.5572,0,,,,,,
1477,COMFORT,1253,0.5161,0,,,,,,
1478,COMFORT,1254,0.9918,0,,,,,,
1479,COMFORT,1255,0.6564,0,,,,,,
1480,COMFORT,1256,0.4461,0,,,,,,
1481,COMFORT,1257,0.7318,0,,,,,,
1482,COMFORT,1258,0.6499,0,,,,,,
1483,COMFORT,1259,1.1073,0,,,,,,
1484,COMFORT,1260,0.9422,0,,,,,,
1485,COMFORT,1261,1.7568,0,,,,,,
1486,COMFORT,1262,0.5012,0,,,,,,
1487,COMFORT,1263,0.9155,0,,,,,,
1488,COMFORT,1264,2.1092,0,,,,,,
1489,COMFORT,1265,0.6625,0,,,,,,
1490,COMFORT,1266,0.8124,0,,,,,,
1491,COMFORT,1267,1.0265,0,,,,,,
1492,COMFORT,1268,1.1206,0,,,,,,
1493,COMFORT,1269,1.1061,0,,,,,,
1494,COMFORT,1270,0.4659,0,,,,,,
1495,COMFORT,1271,1.0128,0,,,,,,
1496,COMFORT,1272,0.7411,0,,,,,,
1497,COMFORT,1273,0.5862,0,,,,,,
1498,COMFORT,1274,1.0020,0,,,,,,
1499,COMFORT,1275,1.1504,0,,,,,,
1500,COMFORT,1276,0.4983,0,,,,,,
1501,COMFORT,1277,0.5438,0,,,,,,
1502,COMFORT,1278,0.6141,0,,,,,,
1503,COMFORT,1279,0.6930,0,,,,,,
1504,COMFORT,1280,1.1813,0,,,,,,
1505,COMFORT,1281,0.4527,0,,,,,,
1506,COMFORT,1282,0.4185,0,,,,,,
1507,COMFORT,1283,1.0636,0,,,,,,
1508,COMFORT,1284,0.5173,0,,,,,,
1509,COMFORT,1285,0.4535,0,,,,,,
1510,COMFORT,1286,0.9424,0,,,,,,
1511,COMFORT,1287,0.5974,0,,,,,,
1512,COMFORT,1288,0.3830,0,,,,,,
1513,COMFORT,1289,0.8050,0,,,,,,
1514,COMFORT,1290,0.8030,0,,,,,,
1515,COMFORT,1291,1.0245,0,,,,,,
1516,COMFORT,1292,0.9718,0,,,,,,
1517,COMFORT,1293,0.6603,0,,,,,,
1518,COMFORT,1294,0.6261,0,,,,,,
1519,COMFORT,1295,0.5564,0,,,,,,
1520,COMFORT,1296,0.6575,0,,,,,,
1521,COMFORT,1297,0.6549,0,,,,,,
1522,COMFORT,1298,0.5013,0,,,,,,
1523,COMFORT,1299,0.8108,0,,,,,,
1524,COMFORT,1300,0.6504,0,,,,,,
1525,COMFORT,1301,0.6854,0,,,,,,
1526,COMFORT,1302,0.7906,0,,,,,,
1527,COMFORT,1303,0.9731,0,,,,,,
1528,COMFORT,1304,0.6140,0,,,,,,
1529,COMFORT,1305,0.7522,0,,,,,,
1530,COMFORT,1306,0.8692,0,,,,,,
1531,COMFORT,1307,0.6722,0,,,,,,
1532,COMFORT,1308,0.7486,0,,,,,,
1533,COMFORT,1309,0.4011,0,,,,,,
1534,COMFORT,1310,0.4735,0,,,,,,
1535,COMFORT,1311,1.0851,0,,,,,,
1536,COMFORT,1312,0.4845,0,,,,,,
1537,COMFORT,1313,1.1824,0,,,,,,
1538,COMFORT,1314,0.8920,0,,,,,,
1539,COMFORT,1315,0.7520,0,,,,,,
1540,COMFORT,1316,0.9067,0,,,,,,
1541,COMFORT,1317,0.8127,0,,,,,,
1542,COMFORT,1318,0.5235,0,,,,,,
1543,COMFORT,1319,0.5168,0,,,,,,
1544,COMFORT,1320,0.4882,0,,,,,,
1545,COMFORT,1321,0.8182,0,,,,,,
1546,COMFORT,1322,0.4145,0,,,,,,
1547,COMFORT,1323,0.5201,0,,,,,,
1548,COMFORT,1324,0.9854,0,,,,,,
1549,COMFORT,1325,1.0052,0,,,,,,
1550,COMFORT,1326,1.0708,0,,,,,,
1551,COMFORT,1327,0.7172,0,,,,,,
1552,COMFORT,1328,1.0270,0,,,,,,
1553,COMFORT,1329,0.6903,0,,,,,,
1554,COMFORT,1330,1.7096,0,,,,,,
1555,COMFORT,1331,0.8960,0,,,,,,
1556,COMFORT,1332,0.8304,0,,,,,,
1557,COMFORT,1333,1.1177,0,,,,,,
1558,COMFORT,1334,0.6461,0,,,,,,
1559,COMFORT,1335,0.8156,0,,,,,,
1560,COMFORT,1336,0.7267,0,,,,,,
1561,COMFORT,1337,0.7249,0,,,,,,
1562,COMFORT,1338,0.6878,0,,,,,,
1563,COMFORT,1339,0.8149,0,,,,,,
1564,COMFORT,1340,1.0724,0,,,,,,
1565,COMFORT,1341,1.1326,0,,,,,,
1566,COMFORT,1342,0.3169,0,,,,,,
1567,COMFORT,1343,0.4491,0,,,,,,
1568,COMFORT,1344,0.6953,0,,,,,,
1569,COMFORT,1345,0.5330,0,,,,,,
1570,COMFORT,1346,0.9423,0,,,,,,
1571,COMFORT,1347,0.8454,0,,,,,,
1572,COMFORT,1348,0.7522,0,,,,,,
1573,COMFORT,1349,1.0093,0,,,,,,
1574,COMFORT,1350,0.6419,0,,,,,,
1575,COMFORT,1351,1.2710,0,,,,,,
1576,COMFORT,1352,1.2935,0,,,,,,
1577,COMFORT,1353,0.9749,0,,,,,,
1578,COMFORT,1354,1.6619,0,,,,,,
1579,COMFORT,1355,0.6471,0,,,,,,
1580,COMFORT,1356,1.1801,0,,,,,,
1581,COMFORT,1357,1.0365,0,,,,,,
1582,COMFORT,1358,1.7256,0,,,,,,
1583,COMFORT,1359,0.8867,0,,,,,,
1584,COMFORT,1360,0.6931,0,,,,,,
1585,COMFORT,1361,0.9516,0,,,,,,
1586,COMFORT,1362,0.6689,0,,,,,,
1587,COMFORT,1363,0.7550,0,,,,,,
1588,COMFORT,1364,0.7683,0,,,,,,
1589,COMFORT,1365,1.4831,0,,,,,,
1590,COMFORT,1366,1.4402,0,,,,,,
1591,COMFORT,1367,1.0801,0,,,,,,
1592,COMFORT,1368,0.8045,0,,,,,,
1593,COMFORT,1369,1.3209,0,,,,,,
1594,COMFORT,1370,1.2379,0,,,,,,
1595,COMFORT,1371,0.7935,0,,,,,,
1596,COMFORT,1372,1.2675,0,,,,,,
1597,COMFORT,1373,0.9857,0,,,,,,
1598,COMFORT,1374,0.8577,0,,,,,,
1599,COMFORT,1375,0.7738,0,,,,,,
1600,COMFORT,1376,1.3379,0,,,,,,
1601,COMFORT,1377,1.3103,0,,,,,,
1602,COMFORT,1378,1.1465,0,,,,,,
1603,COMFORT,1379,1.1168,0,,,,,,
1604,COMFORT,1380,1.0218,0,,,,,,
1605,COMFORT,1381,0.5397,0,,,,,,
1606,COMFORT,1382,1.3159,0,,,,,,
1607,COMFORT,1383,1.1808,0,,,,,,
1608,COMFORT,1384,0.9490,0,,,,,,
1609,COMFORT,1385,1.2900,0,,,,,,
1610,COMFORT,1386,1.3710,0,,,,,,
1611,COMFORT,1387,1.0757,0,,,,,,
1612,COMFORT,1388,1.0905,0,,,,,,
1613,COMFORT,1389,0.9377,0,,,,,,
1614,COMFORT,1390,1.1915,0,,,,,,
1615,COMFORT,1391,1.2031,0,,,,,,
1616,COMFORT,1392,1.0202,0,,,,,,
1617,COMFORT,1393,1.0149,0,,,,,,
1618,COMFORT,1394,0.9437,0,,,,,,
1619,COMFORT,1395,1.4790,0,,,,,,
1620,COMFORT,1396,0.7118,0,,,,,,
1621,COMFORT,1397,0.9577,0,,,,,,
1622,COMFORT,1398,1.3596,0,,,,,,
1623,COMFORT,1399,0.9003,0,,,,,,
1624,COMFORT,1400,0.9962,0,,,,,,
1625,COMFORT,1401,0.5686,0,,,,,,
1626,COMFORT,1402,0.5117,0,,,,,,
1627,COMFORT,1403,0.5768,0,,,,,,
1628,COMFORT,1404,0.6534,0,,,,,,
1629,COMFORT,1405,0.3981,0,,,,,,
1630,COMFORT,1406,0.9651,0,,,,,,
1631,COMFORT,1407,0.3911,0,,,,,,
1632,COMFORT,1408,0.3895,0,,,,,,
1633,COMFORT,1409,0.3602,0,,,,,,
1634,COMFORT,1410,0.2634,0,,,,,,
1635,COMFORT,1411,0.3907,0,,,,,,
1636,COMFORT,1412,0.5453,0,,,,,,
1637,COMFORT,1413,0.6472,0,,,,,,
1638,COMFORT,1414,0.7926,0,,,,,,
1639,COMFORT,1415,0.3988,0,,,,,,
1640,COMFORT,1416,0.5950,0,,,,,,
1641,COMFORT,1417,0.5518,0,,,,,,
1642,COMFORT,1418,0.4231,0,,,,,,
1643,COMFORT,1419,0.3861,0,,,,,,
1644,COMFORT,1420,0.5594,0,,,,,,
1645,COMFORT,1421,1.1016,0,,,,,,
1646,COMFORT,1422,0.2933,0,,,,,,
1647,COMFORT,1423,1.1858,0,,,,,,
1648,COMFORT,1424,0.5554,0,,,,,,
1649,COMFORT,1425,0.5618,0,,,,,,
1650,COMFORT,1426,0.5001,0,,,,,,
1651,COMFORT,1427,0.6742,0,,,,,,
1652,COMFORT,1428,0.9536,0,,,,,,
1653,COMFORT,1429,0.8033,0,,,,,,
1654,COMFORT,1430,0.9005,0,,,,,,
1655,COMFORT,1431,0.5650,0,,,,,,
1656,COMFORT,1432,1.1142,0,,,,,,
1657,COMFORT,1433,0.4830,0,,,,,,
1658,COMFORT,1434,0.9199,0,,,,,,
1659,COMFORT,1435,0.9450,0,,,,,,
1660,COMFORT,1436,1.1962,0,,,,,,
1661,COMFORT,1437,0.8351,0,,,,,,
1662,COMFORT,1438,0.8443,0,,,,,,
1663,COMFORT,1439,0.9686,0,,,,,,
1664,COMFORT,1440,0.6193,0,,,,,,
1665,COMFORT,1441,0.3477,0,,,,,,
1666,COMFORT,1442,0.6109,0,,,,,,
1667,COMFORT,1443,0.9010,0,,,,,,
1668,COMFORT,1444,0.9113,0,,,,,,
1669,COMFORT,1445,1.1650,0,,,,,,
1670,COMFORT,1446,0.5698,0,,,,,,
1671,COMFORT,1447,1.0550,0,,,,,,
1672,COMFORT,1448,0.7858,0,,,,,,
1673,COMFORT,1449,1.4374,0,,,,,,
1674,COMFORT,1450,1.0419,0,,,,,,
1675,COMFORT,1451,1.1573,0,,,,,,
1676,COMFORT,1452,1.2541,0,,,,,,
1677,COMFORT,1453,1.0020,0,,,,,,
1678,COMFORT,1454,1.1835,0,,,,,,
1679,COMFORT,1455,0.6562,0,,,,,,
1680,COMFORT,1456,0.4834,0,,,,,,
1681,COMFORT,1457,0.6891,0,,,,,,
1682,COMFORT,1458,1.1577,0,,,,,,
1683,COMFORT,1459,0.6948,0,,,,,,
1684,COMFORT,1460,0.8122,0,,,,,,
1685,COMFORT,1461,0.5207,0,,,,,,
1686,COMFORT,1462,0.6767,0,,,,,,
1687,COMFORT,1463,0.8419,0,,,,,,
1688,COMFORT,1464,0.8021,0,,,,,,
1689,COMFORT,1465,0.5627,0,,,,,,
1690,COMFORT,1466,0.8977,0,,,,,,
1691,COMFORT,1467,1.7028,0,,,,,,
1692,COMFORT,1468,0.6815,0,,,,,,
1693,COMFORT,1469,1.0202,0,,,,,,
1694,COMFORT,1470,0.6484,0,,,,,,
1695,COMFORT,1471,0.9339,0,,,,,,
1696,COMFORT,1472,1.2513,0,,,,,,
1697,COMFORT,1473,0.8807,0,,,,,,
1698,COMFORT,1474,0.7885,0,,,,,,
1699,COMFORT,1475,0.8279,0,,,,,,
1700,COMFORT,1476,1.3254,0,,,,,,
1701,COMFORT,1477,1.1355,0,,,,,,
1702,COMFORT,1478,0.9916,0,,,,,,
1703,COMFORT,1479,1.2442,0,,,,,,
1704,COMFORT,1480,0.8512,0,,,,,,
1705,COMFORT,1481,0.5706,0,,,,,,
1706,COMFORT,1482,1.5458,0,,,,,,
1707,COMFORT,1483,0.9991,0,,,,,,
1708,COMFORT,1484,1.2897,0,,,,,,
1709,COMFORT,1485,1.0221,0,,,,,,
1710,COMFORT,1486,0.6864,0,,,,,,
1711,COMFORT,1487,0.8134,0,,,,,,
1712,COMFORT,1488,1.0338,0,,,,,,
1713,COMFORT,1489,0.9907,0,,,,,,
1714,COMFORT,1490,1.1718,0,,,,,,
1715,COMFORT,1491,0.5744,0,,,,,,
1716,COMFORT,1492,1.0645,0,,,,,,
1717,COMFORT,1493,0.9488,0,,,,,,
1718,COMFORT,1494,1.0419,0,,,,,,
1719,COMFORT,1495,0.9590,0,,,,,,
1720,COMFORT,1496,1.1304,0,,,,,,
1721,COMFORT,1497,0.9109,0,,,,,,
1722,COMFORT,1498,0.9403,0,,,,,,
1723,COMFORT,1499,1.0988,0,,,,,,
1724,COMFORT,1500,0.9673,0,,,,,,
1725,COMFORT,1501,0.9619,0,,,,,,
1726,COMFORT,1502,0.7122,0,,,,,,
1727,COMFORT,1503,1.2339,0,,,,,,
1728,COMFORT,1504,0.5101,0,,,,,,
1729,COMFORT,1505,0.9041,0,,,,,,
1730,COMFORT,1506,0.8661,0,,,,,,
1731,COMFORT,1507,1.0694,0,,,,,,
1732,COMFORT,1508,0.8590,0,,,,,,
1733,COMFORT,1509,0.9107,0,,,,,,
1734,COMFORT,1510,1.3154,0,,,,,,
1735,COMFORT,1511,1.2540,0,,,,,,
1736,COMFORT,1512,1.1770,0,,,,,,
1737,COMFORT,1513,1.2061,0,,,,,,
1738,COMFORT,1514,0.9903,0,,,,,,
1739,COMFORT,1515,0.7372,0,,,,,,
1740,COMFORT,1516,0.8849,0,,,,,,
1741,COMFORT,1517,1.2379,0,,,,,,
1742,COMFORT,1518,0.8455,0,,,,,,
1743,COMFORT,1519,0.3119,0,,,,,,
1744,COMFORT,1520,0.8217,0,,,,,,
1745,COMFORT,1521,1.1393,0,,,,,,
1746,COMFORT,1522,1.3827,0,,,,,,
1747,COMFORT,1523,1.1167,0,,,,,,
1748,COMFORT,1524,0.9755,0,,,,,,
1749,COMFORT,1525,1.0032,0,,,,,,
1750,COMFORT,1526,0.7178,0,,,,,,
1751,COMFORT,1527,0.6479,0,,,,,,
1752,COMFORT,1528,0.4019,0,,,,,,
1753,COMFORT,1529,0.7038,0,,,,,,
1754,COMFORT,1530,0.6343,0,,,,,,
1755,COMFORT,1531,0.4274,0,,,,,,
1756,COMFORT,1532,0.4406,0,,,,,,
1757,COMFORT,1533,0.3527,0,,,,,,
1758,COMFORT,1534,0.8286,0,,,,,,
1759,COMFORT,1535,0.8505,0,,,,,,
1760,COMFORT,1536,0.4329,0,,,,,,
1761,COMFORT,1537,0.6331,0,,,,,,
1762,COMFORT,1538,0.9632,0,,,,,,
1763,COMFORT,1539,0.4857,0,,,,,,
1764,COMFORT,1540,0.7656,0,,,,,,
1765,COMFORT,1541,0.3684,0,,,,,,
1766,COMFORT,1542,0.4964,0,,,,,,
1767,COMFORT,1543,0.6285,0,,,,,,
1768,COMFORT,1544,0.8702,0,,,,,,
1769,COMFORT,1545,0.3486,0,,,,,,
1770,COMFORT,1546,0.7232,0,,,,,,
1771,COMFORT,1547,0.6527,0,,,,,,
1772,COMFORT,1548,1.1600,0,,,,,,
1773,COMFORT,1549,0.5323,0,,,,,,
1774,COMFORT,1550,0.5759,0,,,,,,
1775,COMFORT,1551,1.0496,0,,,,,,
1776,COMFORT,1552,0.4484,0,,,,,,
1777,COMFORT,1553,0.4954,0,,,,,,
1778,COMFORT,1554,0.8597,0,,,,,,
1779,COMFORT,1555,0.5037,0,,,,,,
1780,COMFORT,1556,0.8442,0,,,,,,
1781,COMFORT,1557,0.6447,0,,,,,,
1782,COMFORT,1558,0.4123,0,,,,,,
1783,COMFORT,1559,1.1009,0,,,,,,
1784,COMFORT,1560,0.9190,0,,,,,,
1785,COMFORT,1561,0.5928,0,,,,,,
1786,COMFORT,1562,0.8506,0,,,,,,
1787,COMFORT,1563,1.2828,0,,,,,,
1788,COMFORT,1564,0.9879,0,,,,,,
1789,COMFORT,1565,0.6588,0,,,,,,
1790,COMFORT,1566,0.8874,0,,,,,,
1791,COMFORT,1567,1.0377,0,,,,,,
1792,COMFORT,1568,0.6101,0,,,,,,
1793,COMFORT,1569,0.7654,0,,,,,,
1794,COMFORT,1570,0.9318,0,,,,,,
1795,COMFORT,1571,1.0426,0,,,,,,
1796,COMFORT,1572,0.8754,0,,,,,,
1797,COMFORT,1573,1.3726,0,,,,,,
1798,COMFORT,1574,0.8171,0,,,,,,
1799,COMFORT,1575,0.5617,0,,,,,,
1800,COMFORT,1576,1.0593,0,,,,,,
1801,COMFORT,1577,1.6177,0,,,,,,
1802,COMFORT,1578,0.5727,0,,,,,,
1803,COMFORT,1579,0.4879,0,,,,,,
1804,COMFORT,1580,0.5503,0,,,,,,
1805,COMFORT,1581,0.9721,0,,,,,,
1806,COMFORT,1582,0.6547,0,,,,,,
1807,COMFORT,1583,1.0209,0,,,,,,
1808,COMFORT,1584,1.4724,0,,,,,,
1809,COMFORT,1585,0.9234,0,,,,,,
1810,COMFORT,1586,0.9816,0,,,,,,
1811,COMFORT,1587,1.0329,0,,,,,,
1812,COMFORT,1588,0.6546,0,,,,,,
1813,COMFORT,1589,1.0655,0,,,,,,
1814,COMFORT,1590,0.7590,0,,,,,,
1815,COMFORT,1591,1.0450,0,,,,,,
1816,COMFORT,1592,1.2179,0,,,,,,
1817,COMFORT,1593,1.0289,0,,,,,,
1818,COMFORT,1594,1.3160,0,,,,,,
1819,COMFORT,1595,1.0574,0,,,,,,
1820,COMFORT,1596,0.7616,0,,,,,,
1821,COMFORT,1597,0.8600,0,,,,,,
1822,COMFORT,1598,1.3036,0,,,,,,
1823,COMFORT,1599,0.5962,0,,,,,,
1824,COMFORT,1600,0.7820,0,,,,,,
1825,COMFORT,1601,0.9484,0,,,,,,
1826,COMFORT,1602,0.9882,0,,,,,,
1827,COMFORT,1603,0.8830,0,,,,,,
1828,COMFORT,1604,0.3929,0,,,,,,
1829,COMFORT,1605,1.0487,0,,,,,,
1830,COMFORT,1606,1.3087,0,,,,,,
1831,COMFORT,1607,1.1585,0,,,,,,
1832,COMFORT,1608,1.1099,0,,,,,,
1833,COMFORT,1609,0.4918,0,,,,,,
1834,COMFORT,1610,0.7871,0,,,,,,
1835,COMFORT,1611,0.6706,0,,,,,,
1836,COMFORT,1612,1.0031,0,,,,,,
1837,COMFORT,1613,0.8542,0,,,,,,
1838,COMFORT,1614,0.6674,0,,,,,,
1839,COMFORT,1615,0.9702,0,,,,,,
1840,COMFORT,1616,0.8968,0,,,,,,
1841,COMFORT,1617,1.1135,0,,,,,,
1842,COMFORT,1618,0.3287,0,,,,,,
1843,COMFORT,1619,0.8430,0,,,,,,
1844,COMFORT,1620,1.0450,0,,,,,,
1845,COMFORT,1621,0.3520,0,,,,,,
1846,COMFORT,1622,1.1184,0,,,,,,
1847,COMFORT,1623,0.9468,0,,,,,,
1848,COMFORT,1624,1.3730,0,,,,,,
1849,COMFORT,1625,0.7443,0,,,,,,
1850,COMFORT,1626,1.1981,0,,,,,,
1851,COMFORT,1627,0.7571,0,,,,,,
1852,COMFORT,1628,0.6612,0,,,,,,
1853,COMFORT,1629,1.3548,0,,,,,,
1854,COMFORT,1630,1.0095,0,,,,,,
1855,COMFORT,1631,0.8908,0,,,,,,
1856,COMFORT,1632,0.8755,0,,,,,,
1857,COMFORT,1633,0.7942,0,,,,,,
1858,COMFORT,1634,1.1349,0,,,,,,
1859,COMFORT,1635,1.1533,0,,,,,,
1860,COMFORT,1636,1.3272,0,,,,,,
1861,COMFORT,1637,0.7862,0,,,,,,
1862,COMFORT,1638,1.5114,0,,,,,,
1863,COMFORT,1639,0.9095,0,,,,,,
1864,COMFORT,1640,0.8947,0,,,,,,
1865,COMFORT,1641,0.8308,0,,,,,,
1866,COMFORT,1642,0.8942,0,,,,,,
1867,COMFORT,1643,0.8330,0,,,,,,
1868,COMFORT,1644,0.9153,0,,,,,,
1869,COMFORT,1645,0.8491,0,,,,,,
1870,COMFORT,1646,0.9385,0,,,,,,
1871,COMFORT,1647,1.1557,0,,,,,,
1872,COMFORT,1648,0.7879,0,,,,,,
1873,COMFORT,1649,0.8446,0,,,,,,
1874,COMFORT,1650,1.0355,0,,,,,,
1875,COMFORT,1651,0.4060,0,,,,,,
1876,COMFORT,1652,0.6246,0,,,,,,
1877,COMFORT,1653,0.4375,0,,,,,,
1878,COMFORT,1654,0.9651,0,,,,,,
1879,COMFORT,1655,0.4237,0,,,,,,
1880,COMFORT,1656,0.6657,0,,,,,,
1881,COMFORT,1657,0.8060,0,,,,,,
1882,COMFORT,1658,0.7774,0,,,,,,
1883,COMFORT,1659,0.4463,0,,,,,,
1884,COMFORT,1660,0.4328,0,,,,,,
1885,COMFORT,1661,0.4753,0,,,,,,
1886,COMFORT,1662,0.8560,0,,,,,,
1887,COMFORT,1663,0.5286,0,,,,,,
1888,COMFORT,1664,0.5734,0,,,,,,
1889,COMFORT,1665,0.3380,0,,,,,,
1890,COMFORT,1666,1.2687,0,,,,,,
1891,COMFORT,1667,1.4534,0,,,,,,
1892,COMFORT,1668,0.6976,0,,,,,,
1893,COMFORT,1669,0.7116,0,,,,,,
1894,COMFORT,1670,0.7313,0,,,,,,
1895,COMFORT,1671,0.6241,0,,,,,,
1896,COMFORT,1672,0.7106,0,,,,,,
1897,COMFORT,1673,0.3063,0,,,,,,
1898,COMFORT,1674,0.6192,0,,,,,,
1899,COMFORT,1675,0.4660,0,,,,,,
1900,COMFORT,1676,0.3657,0,,,,,,
1901,COMFORT,1677,0.8215,0,,,,,,
1902,COMFORT,1678,0.3397,0,,,,,,
1903,COMFORT,1679,0.8352,0,,,,,,
1904,COMFORT,1680,0.4764,0,,,,,,
1905,COMFORT,1681,0.8576,0,,,,,,
1906,COMFORT,1682,0.8256,0,,,,,,
1907,COMFORT,1683,0.8532,0,,,,,,
1908,COMFORT,1684,0.3247,0,,,,,,
1909,COMFORT,1685,0.6103,0,,,,,,
1910,COMFORT,1686,1.0616,0,,,,,,
1911,COMFORT,1687,0.6918,0,,,,,,
1912,COMFORT,1688,0.5356,0,,,,,,
1913,COMFORT,1689,1.0982,0,,,,,,
1914,COMFORT,1690,1.1239,0,,,,,,
1915,COMFORT,1691,0.7503,0,,,,,,
1916,COMFORT,1692,0.8543,0,,,,,,
1917,COMFORT,1693,0.8767,0,,,,,,
1918,COMFORT,1694,0.7751,0,,,,,,
1919,COMFORT,1695,1.1524,0,,,,,,
1920,COMFORT,1696,0.3694,0,,,,,,
1921,COMFORT,1697,0.5350,0,,,,,,
1922,COMFORT,1698,0.9287,0,,,,,,
1923,COMFORT,1699,0.5744,0,,,,,,
1924,COMFORT,1700,1.0116,0,,,,,,
1925,COMFORT,1701,1.2576,0,,,,,,
1926,COMFORT,1702,0.8705,0,,,,,,
1927,COMFORT,1703,0.5296,0,,,,,,
1928,COMFORT,1704,0.8811,0,,,,,,
1929,COMFORT,1705,0.9020,0,,,,,,
1930,COMFORT,1706,0.9018,0,,,,,,
1931,COMFORT,1707,0.8277,0,,,,,,
1932,COMFORT,1708,1.1187,0,,,,,,
1933,COMFORT,1709,0.6761,0,,,,,,
1934,COMFORT,1710,0.9213,0,,,,,,
1935,COMFORT,1711,1.1539,0,,,,,,
1936,COMFORT,1712,0.7421,0,,,,,,
1937,COMFORT,1713,0.4489,0,,,,,,
1938,COMFORT,1714,0.3241,0,,,,,,
1939,COMFORT,1715,1.0086,0,,,,,,
1940,COMFORT,1716,0.7329,0,,,,,,
1941,COMFORT,1717,1.3446,0,,,,,,
1942,COMFORT,1718,1.0123,0,,,,,,
1943,COMFORT,1719,1.2703,0,,,,,,
1944,COMFORT,1720,0.6882,0,,,,,,
1945,COMFORT,1721,0.7844,0,,,,,,
1946,COMFORT,1722,1.5580,0,,,,,,
1947,COMFORT,1723,0.4024,0,,,,,,
1948,COMFORT,1724,0.8209,0,,,,,,
1949,COMFORT,1725,0.5107,0,,,,,,
1950,COMFORT,1726,0.5612,0,,,,,,
1951,COMFORT,1727,0.5581,0,,,,,,
1952,COMFORT,1728,0.5015,0,,,,,,
1953,COMFORT,1729,0.9508,0,,,,,,
1954,COMFORT,1730,0.6257,0,,,,,,
1955,COMFORT,1731,1.1967,0,,,,,,
1956,COMFORT,1732,1.0448,0,,,,,,
1957,COMFORT,1733,0.8776,0,,,,,,
1958,COMFORT,1734,0.5506,0,,,,,,
1959,COMFORT,1735,1.8162,0,,,,,,
1960,COMFORT,1736,0.6726,0,,,,,,
1961,COMFORT,1737,1.2099,0,,,,,,
1962,COMFORT,1738,0.8478,0,,,,,,
1963,COMFORT,1739,0.8732,0,,,,,,
1964,COMFORT,1740,1.2672,0,,,,,,
1965,COMFORT,1741,0.9394,0,,,,,,
1966,COMFORT,1742,0.8767,0,,,,,,
1967,COMFORT,1743,0.8161,0,,,,,,
1968,COMFORT,1744,0.5953,0,,,,,,
1969,COMFORT,1745,0.5706,0,,,,,,
1970,COMFORT,1746,0.7131,0,,,,,,
1971,COMFORT,1747,0.6225,0,,,,,,
1972,COMFORT,1748,1.6937,0,,,,,,
1973,COMFORT,1749,0.9275,0,,,,,,
1974,COMFORT,1750,1.0328,0,,,,,,
1975,COMFORT,1751,0.8561,0,,,,,,
1976,COMFORT,1752,1.1552,0,,,,,,
1977,COMFORT,1753,1.2068,0,,,,,,
1978,COMFORT,1754,1.4178,0,,,,,,
1979,COMFORT,1755,0.9812,0,,,,,,
1980,COMFORT,1756,1.0544,0,,,,,,
1981,COMFORT,1757,0.7817,0,,,,,,
1982,COMFORT,1758,0.7790,0,,,,,,
1983,COMFORT,1759,0.9444,0,,,,,,
1984,COMFORT,1760,1.2897,0,,,,,,
1985,COMFORT,1761,0.6257,0,,,,,,
1986,COMFORT,1762,1.3865,0,,,,,,
1987,COMFORT,1763,0.9528,0,,,,,,
1988,COMFORT,1764,0.6154,0,,,,,,
1989,COMFORT,1765,0.5291,0,,,,,,
1990,COMFORT,1766,1.1526,0,,,,,,
1991,COMFORT,1767,0.7344,0,,,,,,
1992,COMFORT,1768,0.7871,0,,,,,,
1993,COMFORT,1769,1.0830,0,,,,,,
1994,COMFORT,1770,0.3556,0,,,,,,
1995,COMFORT,1771,1.0628,0,,,,,,
1996,COMFORT,1772,1.3937,0,,,,,,
1997,COMFORT,1773,1.8032,0,,,,,,
1998,COMFORT,1774,1.1569,0,,,,,,
1999,COMFORT,1775,0.7997,0,,,,,,
